Date,Country,Industry_std,Sales_index
2005-01-01,Australia,Clothing & Footwear,70.74218350930337
2005-01-01,Australia,Department Stores,91.23239248031707
2005-01-01,Australia,Nonstore / Online,65.27480067249462
2005-01-01,Australia,Supermarkets & Grocery,57.18635994623747
2005-01-01,Great Britain,Building Materials & Garden,78.33408605
2005-01-01,Great Britain,Clothing & Footwear,69.76447842921718
2005-01-01,Great Britain,Department Stores,65.58393294033093
2005-01-01,Great Britain,Electronics & Appliances,97.61531928901876
2005-01-01,Great Britain,Nonstore/Online,39.42321568
2005-01-01,Great Britain,Supermarkets & Grocery,67.45553702061356
2005-01-01,New Zealand,Building Materials & Garden,88.83520761752875
2005-01-01,New Zealand,Clothing & Footwear,79.31693260045893
2005-01-01,New Zealand,Department Stores,80.69001145526829
2005-01-01,New Zealand,Nonstore / Online,53.58196304458382
2005-01-01,New Zealand,Supermarkets & Grocery,90.65980967636553
2005-01-01,United States,Building Materials & Garden,102.0111461109765
2005-01-01,United States,Clothing & Footwear,102.0111461109765
2005-01-01,United States,Department Stores,102.0111461109765
2005-01-01,United States,Electronics & Appliances,102.0111461109765
2005-01-01,United States,Nonstore / Online,102.0111461109765
2005-01-01,United States,Supermarkets & Grocery,102.0111461109765
2005-02-01,Australia,Clothing & Footwear,69.80940155374822
2005-02-01,Australia,Department Stores,91.89438166140005
2005-02-01,Australia,Nonstore / Online,65.66311522674795
2005-02-01,Australia,Supermarkets & Grocery,58.24240974732282
2005-02-01,Great Britain,Building Materials & Garden,77.18976977416317
2005-02-01,Great Britain,Clothing & Footwear,70.62254797370218
2005-02-01,Great Britain,Department Stores,65.50554054940186
2005-02-01,Great Britain,Electronics & Appliances,96.44907415096368
2005-02-01,Great Britain,Nonstore/Online,40.03082253548836
2005-02-01,Great Britain,Supermarkets & Grocery,66.60511089087696
2005-02-01,New Zealand,Building Materials & Garden,88.83520761752875
2005-02-01,New Zealand,Clothing & Footwear,79.31693260045893
2005-02-01,New Zealand,Department Stores,80.69001145526829
2005-02-01,New Zealand,Nonstore / Online,53.58196304458382
2005-02-01,New Zealand,Supermarkets & Grocery,90.65980967636553
2005-02-01,United States,Building Materials & Garden,104.2645989823116
2005-02-01,United States,Clothing & Footwear,104.2645989823116
2005-02-01,United States,Department Stores,104.2645989823116
2005-02-01,United States,Electronics & Appliances,104.2645989823116
2005-02-01,United States,Nonstore / Online,104.2645989823116
2005-02-01,United States,Supermarkets & Grocery,104.2645989823116
2005-03-01,Australia,Clothing & Footwear,70.50232529216063
2005-03-01,Australia,Department Stores,92.32499598307538
2005-03-01,Australia,Nonstore / Online,64.7375835448058
2005-03-01,Australia,Supermarkets & Grocery,58.27070581854807
2005-03-01,Great Britain,Building Materials & Garden,99.13670825796174
2005-03-01,Great Britain,Clothing & Footwear,86.28465669580453
2005-03-01,Great Britain,Department Stores,83.28040448697122
2005-03-01,Great Britain,Electronics & Appliances,119.06396431862906
2005-03-01,Great Britain,Nonstore/Online,48.86680850403148
2005-03-01,Great Britain,Supermarkets & Grocery,83.37764440758949
2005-03-01,New Zealand,Building Materials & Garden,88.83520761752875
2005-03-01,New Zealand,Clothing & Footwear,79.31693260045893
2005-03-01,New Zealand,Department Stores,80.69001145526829
2005-03-01,New Zealand,Nonstore / Online,53.58196304458382
2005-03-01,New Zealand,Supermarkets & Grocery,90.65980967636553
2005-03-01,United States,Building Materials & Garden,104.7007511509571
2005-03-01,United States,Clothing & Footwear,104.7007511509571
2005-03-01,United States,Department Stores,104.7007511509571
2005-03-01,United States,Electronics & Appliances,104.7007511509571
2005-03-01,United States,Nonstore / Online,104.7007511509571
2005-03-01,United States,Supermarkets & Grocery,104.7007511509571
2005-04-01,Australia,Clothing & Footwear,67.69864924289196
2005-04-01,Australia,Department Stores,81.37967971720853
2005-04-01,Australia,Nonstore / Online,64.84269124370144
2005-04-01,Australia,Supermarkets & Grocery,59.05289007313187
2005-04-01,Great Britain,Building Materials & Garden,78.33469108288162
2005-04-01,Great Britain,Clothing & Footwear,70.28915134579945
2005-04-01,Great Britain,Department Stores,63.73997216786361
2005-04-01,Great Britain,Electronics & Appliances,95.71412149
2005-04-01,Great Britain,Nonstore/Online,39.58303884611875
2005-04-01,Great Britain,Supermarkets & Grocery,67.22130415510189
2005-04-01,New Zealand,Building Materials & Garden,91.7832475345052
2005-04-01,New Zealand,Clothing & Footwear,80.6873365707882
2005-04-01,New Zealand,Department Stores,80.7169650277397
2005-04-01,New Zealand,Nonstore / Online,56.59264282081708
2005-04-01,New Zealand,Supermarkets & Grocery,91.86751114436564
2005-04-01,United States,Building Materials & Garden,104.8582505451902
2005-04-01,United States,Clothing & Footwear,104.8582505451902
2005-04-01,United States,Department Stores,104.8582505451902
2005-04-01,United States,Electronics & Appliances,104.8582505451902
2005-04-01,United States,Nonstore / Online,104.8582505451902
2005-04-01,United States,Supermarkets & Grocery,104.8582505451902
2005-05-01,Australia,Clothing & Footwear,70.36907072708132
2005-05-01,Australia,Department Stores,89.16929998393232
2005-05-01,Australia,Nonstore / Online,64.41642113151357
2005-05-01,Australia,Supermarkets & Grocery,58.88715594166968
2005-05-01,Great Britain,Building Materials & Garden,78.44604209179057
2005-05-01,Great Britain,Clothing & Footwear,69.43542665249548
2005-05-01,Great Britain,Department Stores,62.43909522547282
2005-05-01,Great Britain,Electronics & Appliances,94.35941553
2005-05-01,Great Britain,Nonstore/Online,38.09300365974482
2005-05-01,Great Britain,Supermarkets & Grocery,67.22361412831036
2005-05-01,New Zealand,Building Materials & Garden,91.7832475345052
2005-05-01,New Zealand,Clothing & Footwear,80.6873365707882
2005-05-01,New Zealand,Department Stores,80.7169650277397
2005-05-01,New Zealand,Nonstore / Online,56.59264282081708
2005-05-01,New Zealand,Supermarkets & Grocery,91.86751114436564
2005-05-01,United States,Building Materials & Garden,104.3251756724012
2005-05-01,United States,Clothing & Footwear,104.3251756724012
2005-05-01,United States,Department Stores,104.3251756724012
2005-05-01,United States,Electronics & Appliances,104.3251756724012
2005-05-01,United States,Nonstore / Online,104.3251756724012
2005-05-01,United States,Supermarkets & Grocery,104.3251756724012
2005-06-01,Australia,Clothing & Footwear,71.57369199539826
2005-06-01,Australia,Department Stores,91.43163194258476
2005-06-01,Australia,Nonstore / Online,64.62371687100219
2005-06-01,Australia,Supermarkets & Grocery,59.37324202236063
2005-06-01,Great Britain,Building Materials & Garden,99.16574977
2005-06-01,Great Britain,Clothing & Footwear,88.96599547642718
2005-06-01,Great Britain,Department Stores,79.46860223739091
2005-06-01,Great Britain,Electronics & Appliances,118.1015819779052
2005-06-01,Great Britain,Nonstore/Online,48.02062872156293
2005-06-01,Great Britain,Supermarkets & Grocery,84.34224808293484
2005-06-01,New Zealand,Building Materials & Garden,91.7832475345052
2005-06-01,New Zealand,Clothing & Footwear,80.6873365707882
2005-06-01,New Zealand,Department Stores,80.7169650277397
2005-06-01,New Zealand,Nonstore / Online,56.59264282081708
2005-06-01,New Zealand,Supermarkets & Grocery,91.86751114436564
2005-06-01,United States,Building Materials & Garden,105.2701720377999
2005-06-01,United States,Clothing & Footwear,105.2701720377999
2005-06-01,United States,Department Stores,105.2701720377999
2005-06-01,United States,Electronics & Appliances,105.2701720377999
2005-06-01,United States,Nonstore / Online,105.2701720377999
2005-06-01,United States,Supermarkets & Grocery,105.2701720377999
2005-07-01,Australia,Clothing & Footwear,69.81473173635139
2005-07-01,Australia,Department Stores,90.17192437469876
2005-07-01,Australia,Nonstore / Online,63.56096124883517
2005-07-01,Australia,Supermarkets & Grocery,60.04325256601575
2005-07-01,Great Britain,Building Materials & Garden,81.54168585225811
2005-07-01,Great Britain,Clothing & Footwear,69.63418431214355
2005-07-01,Great Britain,Department Stores,62.95467879754166
2005-07-01,Great Britain,Electronics & Appliances,94.14809298006642
2005-07-01,Great Britain,Nonstore/Online,38.33766026368288
2005-07-01,Great Britain,Supermarkets & Grocery,67.59396928491121
2005-07-01,New Zealand,Building Materials & Garden,97.30642494459232
2005-07-01,New Zealand,Clothing & Footwear,81.30209723037515
2005-07-01,New Zealand,Department Stores,82.90020439792457
2005-07-01,New Zealand,Nonstore / Online,53.82607221562977
2005-07-01,New Zealand,Supermarkets & Grocery,95.051163967078
2005-07-01,United States,Building Materials & Garden,105.6457475163557
2005-07-01,United States,Clothing & Footwear,105.6457475163557
2005-07-01,United States,Department Stores,105.6457475163557
2005-07-01,United States,Electronics & Appliances,105.6457475163557
2005-07-01,United States,Nonstore / Online,105.6457475163557
2005-07-01,United States,Supermarkets & Grocery,105.6457475163557
2005-08-01,Australia,Clothing & Footwear,71.19524903057302
2005-08-01,Australia,Department Stores,90.73750736436187
2005-08-01,Australia,Nonstore / Online,63.50548774108469
2005-08-01,Australia,Supermarkets & Grocery,60.84564830004614
2005-08-01,Great Britain,Building Materials & Garden,81.69574200246021
2005-08-01,Great Britain,Clothing & Footwear,69.40442138312083
2005-08-01,Great Britain,Department Stores,63.5591663
2005-08-01,Great Britain,Electronics & Appliances,93.20601156
2005-08-01,Great Britain,Nonstore/Online,37.91885851703498
2005-08-01,Great Britain,Supermarkets & Grocery,67.30022296581298
2005-08-01,New Zealand,Building Materials & Garden,97.30642494459232
2005-08-01,New Zealand,Clothing & Footwear,81.30209723037515
2005-08-01,New Zealand,Department Stores,82.90020439792457
2005-08-01,New Zealand,Nonstore / Online,53.82607221562977
2005-08-01,New Zealand,Supermarkets & Grocery,95.051163967078
2005-08-01,United States,Building Materials & Garden,105.5851708262661
2005-08-01,United States,Clothing & Footwear,105.5851708262661
2005-08-01,United States,Department Stores,105.5851708262661
2005-08-01,United States,Electronics & Appliances,105.5851708262661
2005-08-01,United States,Nonstore / Online,105.5851708262661
2005-08-01,United States,Supermarkets & Grocery,105.5851708262661
2005-09-01,Australia,Clothing & Footwear,71.64831455184269
2005-09-01,Australia,Department Stores,89.374966525628
2005-09-01,Australia,Nonstore / Online,62.82228769826303
2005-09-01,Australia,Supermarkets & Grocery,60.91335675619229
2005-09-01,Great Britain,Building Materials & Garden,101.31956113534667
2005-09-01,Great Britain,Clothing & Footwear,87.02670071733107
2005-09-01,Great Britain,Department Stores,80.06494699784841
2005-09-01,Great Britain,Electronics & Appliances,117.34636550914624
2005-09-01,Great Britain,Nonstore/Online,46.76616687719533
2005-09-01,Great Britain,Supermarkets & Grocery,84.53072449283778
2005-09-01,New Zealand,Building Materials & Garden,97.30642494459232
2005-09-01,New Zealand,Clothing & Footwear,81.30209723037515
2005-09-01,New Zealand,Department Stores,82.90020439792457
2005-09-01,New Zealand,Nonstore / Online,53.82607221562977
2005-09-01,New Zealand,Supermarkets & Grocery,95.051163967078
2005-09-01,United States,Building Materials & Garden,106.4090138114853
2005-09-01,United States,Clothing & Footwear,106.4090138114853
2005-09-01,United States,Department Stores,106.4090138114853
2005-09-01,United States,Electronics & Appliances,106.4090138114853
2005-09-01,United States,Nonstore / Online,106.4090138114853
2005-09-01,United States,Supermarkets & Grocery,106.4090138114853
2005-10-01,Australia,Clothing & Footwear,71.06199446549373
2005-10-01,Australia,Department Stores,87.30544694981525
2005-10-01,Australia,Nonstore / Online,62.70842102445944
2005-10-01,Australia,Supermarkets & Grocery,60.91942020002627
2005-10-01,Great Britain,Building Materials & Garden,81.92139354892707
2005-10-01,Great Britain,Clothing & Footwear,68.92821026817309
2005-10-01,Great Britain,Department Stores,63.994062707867386
2005-10-01,Great Britain,Electronics & Appliances,94.77942559346556
2005-10-01,Great Britain,Nonstore/Online,38.47640180872391
2005-10-01,Great Britain,Supermarkets & Grocery,67.98563631762029
2005-10-01,New Zealand,Building Materials & Garden,98.43920400576944
2005-10-01,New Zealand,Clothing & Footwear,85.29804151769038
2005-10-01,New Zealand,Department Stores,83.06192583275308
2005-10-01,New Zealand,Nonstore / Online,54.47703000508562
2005-10-01,New Zealand,Supermarkets & Grocery,96.39481088828236
2005-10-01,United States,Building Materials & Garden,108.1051611339956
2005-10-01,United States,Clothing & Footwear,108.1051611339956
2005-10-01,United States,Department Stores,108.1051611339956
2005-10-01,United States,Electronics & Appliances,108.1051611339956
2005-10-01,United States,Nonstore / Online,108.1051611339956
2005-10-01,United States,Supermarkets & Grocery,108.1051611339956
2005-11-01,Australia,Clothing & Footwear,70.85944752657318
2005-11-01,Australia,Department Stores,87.80033206577046
2005-11-01,Australia,Nonstore / Online,63.14345011155527
2005-11-01,Australia,Supermarkets & Grocery,60.95580086303018
2005-11-01,Great Britain,Building Materials & Garden,80.97847713819084
2005-11-01,Great Britain,Clothing & Footwear,72.17088325404158
2005-11-01,Great Britain,Department Stores,65.29701234803534
2005-11-01,Great Britain,Electronics & Appliances,93.53880560635682
2005-11-01,Great Britain,Nonstore/Online,37.730180155234365
2005-11-01,Great Britain,Supermarkets & Grocery,68.64590102275054
2005-11-01,New Zealand,Building Materials & Garden,98.43920400576944
2005-11-01,New Zealand,Clothing & Footwear,85.29804151769038
2005-11-01,New Zealand,Department Stores,83.06192583275308
2005-11-01,New Zealand,Nonstore / Online,54.47703000508562
2005-11-01,New Zealand,Supermarkets & Grocery,96.39481088828236
2005-11-01,United States,Building Materials & Garden,106.6028592197722
2005-11-01,United States,Clothing & Footwear,106.6028592197722
2005-11-01,United States,Department Stores,106.6028592197722
2005-11-01,United States,Electronics & Appliances,106.6028592197722
2005-11-01,United States,Nonstore / Online,106.6028592197722
2005-11-01,United States,Supermarkets & Grocery,106.6028592197722
2005-12-01,Australia,Clothing & Footwear,70.42770273571621
2005-12-01,Australia,Department Stores,87.24117615553536
2005-12-01,Australia,Nonstore / Online,63.87336468721942
2005-12-01,Australia,Supermarkets & Grocery,61.25189903692301
2005-12-01,Great Britain,Building Materials & Garden,99.84835137104552
2005-12-01,Great Britain,Clothing & Footwear,87.92456807026713
2005-12-01,Great Britain,Department Stores,81.79424316828636
2005-12-01,Great Britain,Electronics & Appliances,119.60366444584383
2005-12-01,Great Britain,Nonstore/Online,48.633178557601255
2005-12-01,Great Britain,Supermarkets & Grocery,85.57371695079503
2005-12-01,New Zealand,Building Materials & Garden,98.43920400576944
2005-12-01,New Zealand,Clothing & Footwear,85.29804151769038
2005-12-01,New Zealand,Department Stores,83.06192583275308
2005-12-01,New Zealand,Nonstore / Online,54.47703000508562
2005-12-01,New Zealand,Supermarkets & Grocery,96.39481088828236
2005-12-01,United States,Building Materials & Garden,106.3484371213957
2005-12-01,United States,Clothing & Footwear,106.3484371213957
2005-12-01,United States,Department Stores,106.3484371213957
2005-12-01,United States,Electronics & Appliances,106.3484371213957
2005-12-01,United States,Nonstore / Online,106.3484371213957
2005-12-01,United States,Supermarkets & Grocery,106.3484371213957
2006-01-01,Australia,Clothing & Footwear,71.83487094295371
2006-01-01,Australia,Department Stores,88.18595683144986
2006-01-01,Australia,Nonstore / Online,64.76969978613502
2006-01-01,Australia,Supermarkets & Grocery,61.70362560255474
2006-01-01,Great Britain,Building Materials & Garden,80.51603138147225
2006-01-01,Great Britain,Clothing & Footwear,70.95355365
2006-01-01,Great Britain,Department Stores,65.29804869692391
2006-01-01,Great Britain,Electronics & Appliances,94.82229133730635
2006-01-01,Great Britain,Nonstore/Online,37.93275802017703
2006-01-01,Great Britain,Supermarkets & Grocery,67.96196700310068
2006-01-01,New Zealand,Building Materials & Garden,99.86749064812318
2006-01-01,New Zealand,Clothing & Footwear,84.90100859170714
2006-01-01,New Zealand,Department Stores,83.68185799959569
2006-01-01,New Zealand,Nonstore / Online,57.24360061027293
2006-01-01,New Zealand,Supermarkets & Grocery,99.66066328735076
2006-01-01,United States,Building Materials & Garden,111.9820692997335
2006-01-01,United States,Clothing & Footwear,111.9820692997335
2006-01-01,United States,Department Stores,111.9820692997335
2006-01-01,United States,Electronics & Appliances,111.9820692997335
2006-01-01,United States,Nonstore / Online,111.9820692997335
2006-01-01,United States,Supermarkets & Grocery,111.9820692997335
2006-02-01,Australia,Clothing & Footwear,71.6643050996522
2006-02-01,Australia,Department Stores,91.72727759627232
2006-02-01,Australia,Nonstore / Online,65.06166561640069
2006-02-01,Australia,Supermarkets & Grocery,62.30188539417437
2006-02-01,Great Britain,Building Materials & Garden,79.21738164795713
2006-02-01,Great Britain,Clothing & Footwear,71.23733156122822
2006-02-01,Great Britain,Department Stores,65.03218819454268
2006-02-01,Great Britain,Electronics & Appliances,93.54893750944647
2006-02-01,Great Britain,Nonstore/Online,37.78332779946749
2006-02-01,Great Britain,Supermarkets & Grocery,68.58136416852228
2006-02-01,New Zealand,Building Materials & Garden,99.86749064812318
2006-02-01,New Zealand,Clothing & Footwear,84.90100859170714
2006-02-01,New Zealand,Department Stores,83.68185799959569
2006-02-01,New Zealand,Nonstore / Online,57.24360061027293
2006-02-01,New Zealand,Supermarkets & Grocery,99.66066328735076
2006-02-01,United States,Building Materials & Garden,108.4686212745336
2006-02-01,United States,Clothing & Footwear,108.4686212745336
2006-02-01,United States,Department Stores,108.4686212745336
2006-02-01,United States,Electronics & Appliances,108.4686212745336
2006-02-01,United States,Nonstore / Online,108.4686212745336
2006-02-01,United States,Supermarkets & Grocery,108.4686212745336
2006-03-01,Australia,Clothing & Footwear,71.6856258300649
2006-03-01,Australia,Department Stores,88.96363344223664
2006-03-01,Australia,Nonstore / Online,64.86896816842535
2006-03-01,Australia,Supermarkets & Grocery,62.99008626933144
2006-03-01,Great Britain,Building Materials & Garden,96.87310888260636
2006-03-01,Great Britain,Clothing & Footwear,89.61738893425965
2006-03-01,Great Britain,Department Stores,83.57228474894788
2006-03-01,Great Britain,Electronics & Appliances,117.5955806
2006-03-01,Great Britain,Nonstore/Online,50.63251012810112
2006-03-01,Great Britain,Supermarkets & Grocery,86.35314304783998
2006-03-01,New Zealand,Building Materials & Garden,99.86749064812318
2006-03-01,New Zealand,Clothing & Footwear,84.90100859170714
2006-03-01,New Zealand,Department Stores,83.68185799959569
2006-03-01,New Zealand,Nonstore / Online,57.24360061027293
2006-03-01,New Zealand,Supermarkets & Grocery,99.66066328735076
2006-03-01,United States,Building Materials & Garden,109.4136176399322
2006-03-01,United States,Clothing & Footwear,109.4136176399322
2006-03-01,United States,Department Stores,109.4136176399322
2006-03-01,United States,Electronics & Appliances,109.4136176399322
2006-03-01,United States,Nonstore / Online,109.4136176399322
2006-03-01,United States,Supermarkets & Grocery,109.4136176399322
2006-04-01,Australia,Clothing & Footwear,73.03949221127067
2006-04-01,Australia,Department Stores,92.02292324995986
2006-04-01,Australia,Nonstore / Online,66.54193237584761
2006-04-01,Australia,Supermarkets & Grocery,63.16491556654461
2006-04-01,Great Britain,Building Materials & Garden,78.55840148656243
2006-04-01,Great Britain,Clothing & Footwear,71.84576498164354
2006-04-01,Great Britain,Department Stores,67.07971749869547
2006-04-01,Great Britain,Electronics & Appliances,95.83299506
2006-04-01,Great Britain,Nonstore/Online,38.66275654537919
2006-04-01,Great Britain,Supermarkets & Grocery,68.11958312
2006-04-01,New Zealand,Building Materials & Garden,101.1198799207289
2006-04-01,New Zealand,Clothing & Footwear,87.48812636746892
2006-04-01,New Zealand,Department Stores,85.18227353383796
2006-04-01,New Zealand,Nonstore / Online,57.7725038142058
2006-04-01,New Zealand,Supermarkets & Grocery,101.2635550262933
2006-04-01,United States,Building Materials & Garden,109.5226556820935
2006-04-01,United States,Clothing & Footwear,109.5226556820935
2006-04-01,United States,Department Stores,109.5226556820935
2006-04-01,United States,Electronics & Appliances,109.5226556820935
2006-04-01,United States,Nonstore / Online,109.5226556820935
2006-04-01,United States,Supermarkets & Grocery,109.5226556820935
2006-05-01,Australia,Clothing & Footwear,72.59175687260418
2006-05-01,Australia,Department Stores,88.57800867655725
2006-05-01,Australia,Nonstore / Online,66.44558365185993
2006-05-01,Australia,Supermarkets & Grocery,63.54691252808553
2006-05-01,Great Britain,Building Materials & Garden,78.58983791583785
2006-05-01,Great Britain,Clothing & Footwear,74.04297422031401
2006-05-01,Great Britain,Department Stores,66.64907752302993
2006-05-01,Great Britain,Electronics & Appliances,95.63510749
2006-05-01,Great Britain,Nonstore/Online,39.54526937557469
2006-05-01,Great Britain,Supermarkets & Grocery,68.99939812144989
2006-05-01,New Zealand,Building Materials & Garden,101.1198799207289
2006-05-01,New Zealand,Clothing & Footwear,87.48812636746892
2006-05-01,New Zealand,Department Stores,85.18227353383796
2006-05-01,New Zealand,Nonstore / Online,57.7725038142058
2006-05-01,New Zealand,Supermarkets & Grocery,101.2635550262933
2006-05-01,United States,Building Materials & Garden,108.7715047249818
2006-05-01,United States,Clothing & Footwear,108.7715047249818
2006-05-01,United States,Department Stores,108.7715047249818
2006-05-01,United States,Electronics & Appliances,108.7715047249818
2006-05-01,United States,Nonstore / Online,108.7715047249818
2006-05-01,United States,Supermarkets & Grocery,108.7715047249818
2006-06-01,Australia,Clothing & Footwear,73.47656718473078
2006-06-01,Australia,Department Stores,90.85319479406569
2006-06-01,Australia,Nonstore / Online,67.25432900169582
2006-06-01,Australia,Supermarkets & Grocery,64.21490192379599
2006-06-01,Great Britain,Building Materials & Garden,98.57463397799022
2006-06-01,Great Britain,Clothing & Footwear,91.60949034617131
2006-06-01,Great Britain,Department Stores,80.94425201734875
2006-06-01,Great Britain,Electronics & Appliances,121.44896977009394
2006-06-01,Great Britain,Nonstore/Online,49.99651280195994
2006-06-01,Great Britain,Supermarkets & Grocery,88.09338351486434
2006-06-01,New Zealand,Building Materials & Garden,101.1198799207289
2006-06-01,New Zealand,Clothing & Footwear,87.48812636746892
2006-06-01,New Zealand,Department Stores,85.18227353383796
2006-06-01,New Zealand,Nonstore / Online,57.7725038142058
2006-06-01,New Zealand,Supermarkets & Grocery,101.2635550262933
2006-06-01,United States,Building Materials & Garden,108.6382360067846
2006-06-01,United States,Clothing & Footwear,108.6382360067846
2006-06-01,United States,Department Stores,108.6382360067846
2006-06-01,United States,Electronics & Appliances,108.6382360067846
2006-06-01,United States,Nonstore / Online,108.6382360067846
2006-06-01,United States,Supermarkets & Grocery,108.6382360067846
2006-07-01,Australia,Clothing & Footwear,73.83901960174651
2006-07-01,Australia,Department Stores,90.3968721546784
2006-07-01,Australia,Nonstore / Online,66.59448622529543
2006-07-01,Australia,Supermarkets & Grocery,64.17751068681976
2006-07-01,Great Britain,Building Materials & Garden,77.90035408209093
2006-07-01,Great Britain,Clothing & Footwear,74.0266746
2006-07-01,Great Britain,Department Stores,66.30127143353023
2006-07-01,Great Britain,Electronics & Appliances,92.94213672001165
2006-07-01,Great Britain,Nonstore/Online,37.73850295802763
2006-07-01,Great Britain,Supermarkets & Grocery,71.13596512193604
2006-07-01,New Zealand,Building Materials & Garden,107.6843697597242
2006-07-01,New Zealand,Clothing & Footwear,89.84470889588559
2006-07-01,New Zealand,Department Stores,84.19397587655263
2006-07-01,New Zealand,Nonstore / Online,57.3656551957959
2006-07-01,New Zealand,Supermarkets & Grocery,101.8041753169426
2006-07-01,United States,Building Materials & Garden,109.0380421613763
2006-07-01,United States,Clothing & Footwear,109.0380421613763
2006-07-01,United States,Department Stores,109.0380421613763
2006-07-01,United States,Electronics & Appliances,109.0380421613763
2006-07-01,United States,Nonstore / Online,109.0380421613763
2006-07-01,United States,Supermarkets & Grocery,109.0380421613763
2006-08-01,Australia,Clothing & Footwear,74.91038630498416
2006-08-01,Australia,Department Stores,90.38401799582242
2006-08-01,Australia,Nonstore / Online,67.37987430871006
2006-08-01,Australia,Supermarkets & Grocery,64.5302010031631
2006-08-01,Great Britain,Building Materials & Garden,78.81475838255412
2006-08-01,Great Britain,Clothing & Footwear,73.70636394508803
2006-08-01,Great Britain,Department Stores,66.90165055216116
2006-08-01,Great Britain,Electronics & Appliances,97.35719699602063
2006-08-01,Great Britain,Nonstore/Online,40.86238460340631
2006-08-01,Great Britain,Supermarkets & Grocery,70.14402149
2006-08-01,New Zealand,Building Materials & Garden,107.6843697597242
2006-08-01,New Zealand,Clothing & Footwear,89.84470889588559
2006-08-01,New Zealand,Department Stores,84.19397587655263
2006-08-01,New Zealand,Nonstore / Online,57.3656551957959
2006-08-01,New Zealand,Supermarkets & Grocery,101.8041753169426
2006-08-01,United States,Building Materials & Garden,108.916888781197
2006-08-01,United States,Clothing & Footwear,108.916888781197
2006-08-01,United States,Department Stores,108.916888781197
2006-08-01,United States,Electronics & Appliances,108.916888781197
2006-08-01,United States,Nonstore / Online,108.916888781197
2006-08-01,United States,Supermarkets & Grocery,108.916888781197
2006-09-01,Australia,Clothing & Footwear,75.64062132161877
2006-09-01,Australia,Department Stores,86.3156767179048
2006-09-01,Australia,Nonstore / Online,67.07914950353643
2006-09-01,Australia,Supermarkets & Grocery,65.02841397152203
2006-09-01,Great Britain,Building Materials & Garden,98.60533932751504
2006-09-01,Great Britain,Clothing & Footwear,90.26202088
2006-09-01,Great Britain,Department Stores,82.35435273010386
2006-09-01,Great Britain,Electronics & Appliances,119.55237400602736
2006-09-01,Great Britain,Nonstore/Online,49.25928991
2006-09-01,Great Britain,Supermarkets & Grocery,88.52276165128832
2006-09-01,New Zealand,Building Materials & Garden,107.6843697597242
2006-09-01,New Zealand,Clothing & Footwear,89.84470889588559
2006-09-01,New Zealand,Department Stores,84.19397587655263
2006-09-01,New Zealand,Nonstore / Online,57.3656551957959
2006-09-01,New Zealand,Supermarkets & Grocery,101.8041753169426
2006-09-01,United States,Building Materials & Garden,109.0622728374122
2006-09-01,United States,Clothing & Footwear,109.0622728374122
2006-09-01,United States,Department Stores,109.0622728374122
2006-09-01,United States,Electronics & Appliances,109.0622728374122
2006-09-01,United States,Nonstore / Online,109.0622728374122
2006-09-01,United States,Supermarkets & Grocery,109.0622728374122
2006-10-01,Australia,Clothing & Footwear,75.97642282561863
2006-10-01,Australia,Department Stores,91.5408922928606
2006-10-01,Australia,Nonstore / Online,67.4849820076057
2006-10-01,Australia,Supermarkets & Grocery,65.87022209047332
2006-10-01,Great Britain,Building Materials & Garden,79.34342988081761
2006-10-01,Great Britain,Clothing & Footwear,74.99028032367086
2006-10-01,Great Britain,Department Stores,66.69178990222358
2006-10-01,Great Britain,Electronics & Appliances,94.93530102561397
2006-10-01,Great Britain,Nonstore/Online,39.47674355765247
2006-10-01,Great Britain,Supermarkets & Grocery,71.04056797494677
2006-10-01,New Zealand,Building Materials & Garden,117.4431558333431
2006-10-01,New Zealand,Clothing & Footwear,89.08906558514329
2006-10-01,New Zealand,Department Stores,86.39518429505176
2006-10-01,New Zealand,Nonstore / Online,56.47058823529413
2006-10-01,New Zealand,Supermarkets & Grocery,104.0867943219062
2006-10-01,United States,Building Materials & Garden,106.8451659801309
2006-10-01,United States,Clothing & Footwear,106.8451659801309
2006-10-01,United States,Department Stores,106.8451659801309
2006-10-01,United States,Electronics & Appliances,106.8451659801309
2006-10-01,United States,Nonstore / Online,106.8451659801309
2006-10-01,United States,Supermarkets & Grocery,106.8451659801309
2006-11-01,Australia,Clothing & Footwear,74.99033904403176
2006-11-01,Australia,Department Stores,92.07433988538376
2006-11-01,Australia,Nonstore / Online,67.89957348658294
2006-11-01,Australia,Supermarkets & Grocery,65.63071605903099
2006-11-01,Great Britain,Building Materials & Garden,78.98532685126094
2006-11-01,Great Britain,Clothing & Footwear,75.83140752
2006-11-01,Great Britain,Department Stores,65.98163182632373
2006-11-01,Great Britain,Electronics & Appliances,96.12659757240716
2006-11-01,Great Britain,Nonstore/Online,39.66719632410952
2006-11-01,Great Britain,Supermarkets & Grocery,71.22097530035437
2006-11-01,New Zealand,Building Materials & Garden,117.4431558333431
2006-11-01,New Zealand,Clothing & Footwear,89.08906558514329
2006-11-01,New Zealand,Department Stores,86.39518429505176
2006-11-01,New Zealand,Nonstore / Online,56.47058823529413
2006-11-01,New Zealand,Supermarkets & Grocery,104.0867943219062
2006-11-01,United States,Building Materials & Garden,109.0622728374122
2006-11-01,United States,Clothing & Footwear,109.0622728374122
2006-11-01,United States,Department Stores,109.0622728374122
2006-11-01,United States,Electronics & Appliances,109.0622728374122
2006-11-01,United States,Nonstore / Online,109.0622728374122
2006-11-01,United States,Supermarkets & Grocery,109.0622728374122
2006-12-01,Australia,Clothing & Footwear,75.2675085393967
2006-12-01,Australia,Department Stores,92.8198810990306
2006-12-01,Australia,Nonstore / Online,67.98716323566263
2006-12-01,Australia,Supermarkets & Grocery,66.20169035339771
2006-12-01,Great Britain,Building Materials & Garden,100.09021272025824
2006-12-01,Great Britain,Clothing & Footwear,94.22336824
2006-12-01,Great Britain,Department Stores,85.16818801244139
2006-12-01,Great Britain,Electronics & Appliances,123.31049356192712
2006-12-01,Great Britain,Nonstore/Online,50.74125578490245
2006-12-01,Great Britain,Supermarkets & Grocery,89.56257394065035
2006-12-01,New Zealand,Building Materials & Garden,117.4431558333431
2006-12-01,New Zealand,Clothing & Footwear,89.08906558514329
2006-12-01,New Zealand,Department Stores,86.39518429505176
2006-12-01,New Zealand,Nonstore / Online,56.47058823529413
2006-12-01,New Zealand,Supermarkets & Grocery,104.0867943219062
2006-12-01,United States,Building Materials & Garden,113.3026411436879
2006-12-01,United States,Clothing & Footwear,113.3026411436879
2006-12-01,United States,Department Stores,113.3026411436879
2006-12-01,United States,Electronics & Appliances,113.3026411436879
2006-12-01,United States,Nonstore / Online,113.3026411436879
2006-12-01,United States,Supermarkets & Grocery,113.3026411436879
2007-01-01,Australia,Clothing & Footwear,75.68326278244415
2007-01-01,Australia,Department Stores,92.2542981093675
2007-01-01,Australia,Nonstore / Online,67.36819567549944
2007-01-01,Australia,Supermarkets & Grocery,66.7847915354324
2007-01-01,Great Britain,Building Materials & Garden,78.19752539588283
2007-01-01,Great Britain,Clothing & Footwear,71.62098963326649
2007-01-01,Great Britain,Department Stores,67.40087461677453
2007-01-01,Great Britain,Electronics & Appliances,98.12640514047486
2007-01-01,Great Britain,Nonstore/Online,39.13115712694736
2007-01-01,Great Britain,Supermarkets & Grocery,71.31941022033011
2007-01-01,New Zealand,Building Materials & Garden,124.9926709429272
2007-01-01,New Zealand,Clothing & Footwear,93.75100058701103
2007-01-01,New Zealand,Department Stores,89.5577367983648
2007-01-01,New Zealand,Nonstore / Online,53.41922359721988
2007-01-01,New Zealand,Supermarkets & Grocery,104.0425330115606
2007-01-01,United States,Building Materials & Garden,109.8618851465956
2007-01-01,United States,Clothing & Footwear,109.8618851465956
2007-01-01,United States,Department Stores,109.8618851465956
2007-01-01,United States,Electronics & Appliances,109.8618851465956
2007-01-01,United States,Nonstore / Online,109.8618851465956
2007-01-01,United States,Supermarkets & Grocery,109.8618851465956
2007-02-01,Australia,Clothing & Footwear,76.88788405076109
2007-02-01,Australia,Department Stores,93.199078785282
2007-02-01,Australia,Nonstore / Online,67.81490339580589
2007-02-01,Australia,Supermarkets & Grocery,67.43661174758557
2007-02-01,Great Britain,Building Materials & Garden,79.34443827
2007-02-01,Great Britain,Clothing & Footwear,75.50819173
2007-02-01,Great Britain,Department Stores,67.30623375577093
2007-02-01,Great Britain,Electronics & Appliances,99.33262119291652
2007-02-01,Great Britain,Nonstore/Online,39.825963293130286
2007-02-01,Great Britain,Supermarkets & Grocery,71.83083195999032
2007-02-01,New Zealand,Building Materials & Garden,124.9926709429272
2007-02-01,New Zealand,Clothing & Footwear,93.75100058701103
2007-02-01,New Zealand,Department Stores,89.5577367983648
2007-02-01,New Zealand,Nonstore / Online,53.41922359721988
2007-02-01,New Zealand,Supermarkets & Grocery,104.0425330115606
2007-02-01,United States,Building Materials & Garden,108.8199660770536
2007-02-01,United States,Clothing & Footwear,108.8199660770536
2007-02-01,United States,Department Stores,108.8199660770536
2007-02-01,United States,Electronics & Appliances,108.8199660770536
2007-02-01,United States,Nonstore / Online,108.8199660770536
2007-02-01,United States,Supermarkets & Grocery,108.8199660770536
2007-03-01,Australia,Clothing & Footwear,78.09250531907804
2007-03-01,Australia,Department Stores,97.64019067002306
2007-03-01,Australia,Nonstore / Online,68.74627439435336
2007-03-01,Australia,Supermarkets & Grocery,67.77010115845464
2007-03-01,Great Britain,Building Materials & Garden,101.4732391408502
2007-03-01,Great Britain,Clothing & Footwear,95.17586759961564
2007-03-01,Great Britain,Department Stores,85.36846243515957
2007-03-01,Great Britain,Electronics & Appliances,125.50555366535976
2007-03-01,Great Britain,Nonstore/Online,50.054941412432456
2007-03-01,Great Britain,Supermarkets & Grocery,90.76777872956498
2007-03-01,New Zealand,Building Materials & Garden,124.9926709429272
2007-03-01,New Zealand,Clothing & Footwear,93.75100058701103
2007-03-01,New Zealand,Department Stores,89.5577367983648
2007-03-01,New Zealand,Nonstore / Online,53.41922359721988
2007-03-01,New Zealand,Supermarkets & Grocery,104.0425330115606
2007-03-01,United States,Building Materials & Garden,107.511509571117
2007-03-01,United States,Clothing & Footwear,107.511509571117
2007-03-01,United States,Department Stores,107.511509571117
2007-03-01,United States,Electronics & Appliances,107.511509571117
2007-03-01,United States,Nonstore / Online,107.511509571117
2007-03-01,United States,Supermarkets & Grocery,107.511509571117
2007-04-01,Australia,Clothing & Footwear,77.61278888479252
2007-04-01,Australia,Department Stores,92.3185689036474
2007-04-01,Australia,Nonstore / Online,67.9900828939653
2007-04-01,Australia,Supermarkets & Grocery,68.36027635829564
2007-04-01,Great Britain,Building Materials & Garden,80.93320061294735
2007-04-01,Great Britain,Clothing & Footwear,79.17444913853578
2007-04-01,Great Britain,Department Stores,67.95595048399036
2007-04-01,Great Britain,Electronics & Appliances,97.71797439504792
2007-04-01,Great Britain,Nonstore/Online,40.83978206790175
2007-04-01,Great Britain,Supermarkets & Grocery,73.04482572231112
2007-04-01,New Zealand,Building Materials & Garden,122.3190309227576
2007-04-01,New Zealand,Clothing & Footwear,95.953892950531
2007-04-01,New Zealand,Department Stores,89.28820107365063
2007-04-01,New Zealand,Nonstore / Online,43.77691134090524
2007-04-01,New Zealand,Supermarkets & Grocery,106.6602733662834
2007-04-01,United States,Building Materials & Garden,107.4024715289557
2007-04-01,United States,Clothing & Footwear,107.4024715289557
2007-04-01,United States,Department Stores,107.4024715289557
2007-04-01,United States,Electronics & Appliances,107.4024715289557
2007-04-01,United States,Nonstore / Online,107.4024715289557
2007-04-01,United States,Supermarkets & Grocery,107.4024715289557
2007-05-01,Australia,Clothing & Footwear,75.50736675653945
2007-05-01,Australia,Department Stores,93.95104707835684
2007-05-01,Australia,Nonstore / Online,67.29520421793302
2007-05-01,Australia,Supermarkets & Grocery,68.64121592260351
2007-05-01,Great Britain,Building Materials & Garden,81.59104634024628
2007-05-01,Great Britain,Clothing & Footwear,75.36170082670222
2007-05-01,Great Britain,Department Stores,67.50524975483873
2007-05-01,Great Britain,Electronics & Appliances,99.18253541967653
2007-05-01,Great Britain,Nonstore/Online,40.91270164973513
2007-05-01,Great Britain,Supermarkets & Grocery,72.60633426692773
2007-05-01,New Zealand,Building Materials & Garden,122.3190309227576
2007-05-01,New Zealand,Clothing & Footwear,95.953892950531
2007-05-01,New Zealand,Department Stores,89.28820107365063
2007-05-01,New Zealand,Nonstore / Online,43.77691134090524
2007-05-01,New Zealand,Supermarkets & Grocery,106.6602733662834
2007-05-01,United States,Building Materials & Garden,108.1172764720136
2007-05-01,United States,Clothing & Footwear,108.1172764720136
2007-05-01,United States,Department Stores,108.1172764720136
2007-05-01,United States,Electronics & Appliances,108.1172764720136
2007-05-01,United States,Nonstore / Online,108.1172764720136
2007-05-01,United States,Supermarkets & Grocery,108.1172764720136
2007-06-01,Australia,Clothing & Footwear,80.11797470828354
2007-06-01,Australia,Department Stores,95.29430667880672
2007-06-01,Australia,Nonstore / Online,68.26745043271768
2007-06-01,Australia,Supermarkets & Grocery,69.35367057309651
2007-06-01,Great Britain,Building Materials & Garden,102.54205252656747
2007-06-01,Great Britain,Clothing & Footwear,94.00309200005992
2007-06-01,Great Britain,Department Stores,87.03938995569423
2007-06-01,Great Britain,Electronics & Appliances,126.7787219
2007-06-01,Great Britain,Nonstore/Online,51.89559050937138
2007-06-01,Great Britain,Supermarkets & Grocery,90.15357109299528
2007-06-01,New Zealand,Building Materials & Garden,122.3190309227576
2007-06-01,New Zealand,Clothing & Footwear,95.953892950531
2007-06-01,New Zealand,Department Stores,89.28820107365063
2007-06-01,New Zealand,Nonstore / Online,43.77691134090524
2007-06-01,New Zealand,Supermarkets & Grocery,106.6602733662834
2007-06-01,United States,Building Materials & Garden,107.5357402471529
2007-06-01,United States,Clothing & Footwear,107.5357402471529
2007-06-01,United States,Department Stores,107.5357402471529
2007-06-01,United States,Electronics & Appliances,107.5357402471529
2007-06-01,United States,Nonstore / Online,107.5357402471529
2007-06-01,United States,Supermarkets & Grocery,107.5357402471529
2007-07-01,Australia,Clothing & Footwear,80.51773840352145
2007-07-01,Australia,Department Stores,94.69016121257567
2007-07-01,Australia,Nonstore / Online,69.97545053977181
2007-07-01,Australia,Supermarkets & Grocery,70.17425663862885
2007-07-01,Great Britain,Building Materials & Garden,80.11020649
2007-07-01,Great Britain,Clothing & Footwear,74.40650200551947
2007-07-01,Great Britain,Department Stores,70.25342493259261
2007-07-01,Great Britain,Electronics & Appliances,100.85797363608302
2007-07-01,Great Britain,Nonstore/Online,41.98241417118422
2007-07-01,Great Britain,Supermarkets & Grocery,71.68225005313631
2007-07-01,New Zealand,Building Materials & Garden,103.1180740410662
2007-07-01,New Zealand,Clothing & Footwear,91.8426810395432
2007-07-01,New Zealand,Department Stores,89.22530940455066
2007-07-01,New Zealand,Nonstore / Online,46.25868791320563
2007-07-01,New Zealand,Supermarkets & Grocery,108.7152627751842
2007-07-01,United States,Building Materials & Garden,108.3353525563363
2007-07-01,United States,Clothing & Footwear,108.3353525563363
2007-07-01,United States,Department Stores,108.3353525563363
2007-07-01,United States,Electronics & Appliances,108.3353525563363
2007-07-01,United States,Nonstore / Online,108.3353525563363
2007-07-01,United States,Supermarkets & Grocery,108.3353525563363
2007-08-01,Australia,Clothing & Footwear,79.86745612593444
2007-08-01,Australia,Department Stores,95.80847303304591
2007-08-01,Australia,Nonstore / Online,70.46303347631549
2007-08-01,Australia,Supermarkets & Grocery,70.42588955773914
2007-08-01,Great Britain,Building Materials & Garden,80.78214441068732
2007-08-01,Great Britain,Clothing & Footwear,75.55948153756398
2007-08-01,Great Britain,Department Stores,69.57842869398388
2007-08-01,Great Britain,Electronics & Appliances,98.74823677515258
2007-08-01,Great Britain,Nonstore/Online,40.80577264532014
2007-08-01,Great Britain,Supermarkets & Grocery,73.02583173027851
2007-08-01,New Zealand,Building Materials & Garden,103.1180740410662
2007-08-01,New Zealand,Clothing & Footwear,91.8426810395432
2007-08-01,New Zealand,Department Stores,89.22530940455066
2007-08-01,New Zealand,Nonstore / Online,46.25868791320563
2007-08-01,New Zealand,Supermarkets & Grocery,108.7152627751842
2007-08-01,United States,Building Materials & Garden,110.3343833292949
2007-08-01,United States,Clothing & Footwear,110.3343833292949
2007-08-01,United States,Department Stores,110.3343833292949
2007-08-01,United States,Electronics & Appliances,110.3343833292949
2007-08-01,United States,Nonstore / Online,110.3343833292949
2007-08-01,United States,Supermarkets & Grocery,110.3343833292949
2007-09-01,Australia,Clothing & Footwear,79.85146557812492
2007-09-01,Australia,Department Stores,96.34834770499708
2007-09-01,Australia,Nonstore / Online,71.06448308666275
2007-09-01,Australia,Supermarkets & Grocery,71.38997712734243
2007-09-01,Great Britain,Building Materials & Garden,101.86315674438084
2007-09-01,Great Britain,Clothing & Footwear,96.21721787823992
2007-09-01,Great Britain,Department Stores,87.59661254560784
2007-09-01,Great Britain,Electronics & Appliances,121.7843246284018
2007-09-01,Great Britain,Nonstore/Online,50.66284399818012
2007-09-01,Great Britain,Supermarkets & Grocery,91.93386428
2007-09-01,New Zealand,Building Materials & Garden,103.1180740410662
2007-09-01,New Zealand,Clothing & Footwear,91.8426810395432
2007-09-01,New Zealand,Department Stores,89.22530940455066
2007-09-01,New Zealand,Nonstore / Online,46.25868791320563
2007-09-01,New Zealand,Supermarkets & Grocery,108.7152627751842
2007-09-01,United States,Building Materials & Garden,109.7528471044342
2007-09-01,United States,Clothing & Footwear,109.7528471044342
2007-09-01,United States,Department Stores,109.7528471044342
2007-09-01,United States,Electronics & Appliances,109.7528471044342
2007-09-01,United States,Nonstore / Online,109.7528471044342
2007-09-01,United States,Supermarkets & Grocery,109.7528471044342
2007-10-01,Australia,Clothing & Footwear,81.28528469837828
2007-10-01,Australia,Department Stores,97.023191044936
2007-10-01,Australia,Nonstore / Online,73.47612084465713
2007-10-01,Australia,Supermarkets & Grocery,71.42130492048466
2007-10-01,Great Britain,Building Materials & Garden,80.69035608751831
2007-10-01,Great Britain,Clothing & Footwear,74.40552506
2007-10-01,Great Britain,Department Stores,70.55577972
2007-10-01,Great Britain,Electronics & Appliances,97.61175642199822
2007-10-01,Great Britain,Nonstore/Online,41.17949606414868
2007-10-01,Great Britain,Supermarkets & Grocery,73.71862592113891
2007-10-01,New Zealand,Building Materials & Garden,95.72334861686036
2007-10-01,New Zealand,Clothing & Footwear,95.8514328405998
2007-10-01,New Zealand,Department Stores,89.50382965342197
2007-10-01,New Zealand,Nonstore / Online,50.61196813019156
2007-10-01,New Zealand,Supermarkets & Grocery,111.8673003762212
2007-10-01,United States,Building Materials & Garden,110.661497455779
2007-10-01,United States,Clothing & Footwear,110.661497455779
2007-10-01,United States,Department Stores,110.661497455779
2007-10-01,United States,Electronics & Appliances,110.661497455779
2007-10-01,United States,Nonstore / Online,110.661497455779
2007-10-01,United States,Supermarkets & Grocery,110.661497455779
2007-11-01,Australia,Clothing & Footwear,81.74901058485428
2007-11-01,Australia,Department Stores,97.50522200203528
2007-11-01,Australia,Nonstore / Online,73.73305077529092
2007-11-01,Australia,Supermarkets & Grocery,71.45263271362691
2007-11-01,Great Britain,Building Materials & Garden,81.74232942932545
2007-11-01,Great Britain,Clothing & Footwear,74.27317420537268
2007-11-01,Great Britain,Department Stores,69.65397112546935
2007-11-01,Great Britain,Electronics & Appliances,97.37434329355696
2007-11-01,Great Britain,Nonstore/Online,43.22737027632093
2007-11-01,Great Britain,Supermarkets & Grocery,74.36272872467705
2007-11-01,New Zealand,Building Materials & Garden,95.72334861686036
2007-11-01,New Zealand,Clothing & Footwear,95.8514328405998
2007-11-01,New Zealand,Department Stores,89.50382965342197
2007-11-01,New Zealand,Nonstore / Online,50.61196813019156
2007-11-01,New Zealand,Supermarkets & Grocery,111.8673003762212
2007-11-01,United States,Building Materials & Garden,113.108795735401
2007-11-01,United States,Clothing & Footwear,113.108795735401
2007-11-01,United States,Department Stores,113.108795735401
2007-11-01,United States,Electronics & Appliances,113.108795735401
2007-11-01,United States,Nonstore / Online,113.108795735401
2007-11-01,United States,Supermarkets & Grocery,113.108795735401
2007-12-01,Australia,Clothing & Footwear,81.00811520301332
2007-12-01,Australia,Department Stores,98.23148197739812
2007-12-01,Australia,Nonstore / Online,74.30530380261162
2007-12-01,Australia,Supermarkets & Grocery,71.82048163955521
2007-12-01,Great Britain,Building Materials & Garden,101.0079194844224
2007-12-01,Great Britain,Clothing & Footwear,92.93207332934742
2007-12-01,Great Britain,Department Stores,84.71511848583015
2007-12-01,Great Britain,Electronics & Appliances,123.10069265289502
2007-12-01,Great Britain,Nonstore/Online,53.11177591043595
2007-12-01,Great Britain,Supermarkets & Grocery,93.43036301960728
2007-12-01,New Zealand,Building Materials & Garden,95.72334861686036
2007-12-01,New Zealand,Clothing & Footwear,95.8514328405998
2007-12-01,New Zealand,Department Stores,89.50382965342197
2007-12-01,New Zealand,Nonstore / Online,50.61196813019156
2007-12-01,New Zealand,Supermarkets & Grocery,111.8673003762212
2007-12-01,United States,Building Materials & Garden,111.9457232856797
2007-12-01,United States,Clothing & Footwear,111.9457232856797
2007-12-01,United States,Department Stores,111.9457232856797
2007-12-01,United States,Electronics & Appliances,111.9457232856797
2007-12-01,United States,Nonstore / Online,111.9457232856797
2007-12-01,United States,Supermarkets & Grocery,111.9457232856797
2008-01-01,Australia,Clothing & Footwear,80.59769114256903
2008-01-01,Australia,Department Stores,99.05414814418084
2008-01-01,Australia,Nonstore / Online,74.98266452882795
2008-01-01,Australia,Supermarkets & Grocery,71.7275088341008
2008-01-01,Great Britain,Building Materials & Garden,104.51362335603169
2008-01-01,Great Britain,Clothing & Footwear,91.77220373744186
2008-01-01,Great Britain,Department Stores,85.19350453529098
2008-01-01,Great Britain,Electronics & Appliances,123.93239942300112
2008-01-01,Great Britain,Nonstore/Online,54.58094071823184
2008-01-01,Great Britain,Supermarkets & Grocery,94.26157365
2008-01-01,New Zealand,Building Materials & Garden,92.64162669887544
2008-01-01,New Zealand,Clothing & Footwear,94.94209936496075
2008-01-01,New Zealand,Department Stores,90.51908088317872
2008-01-01,New Zealand,Nonstore / Online,51.14087133412443
2008-01-01,New Zealand,Supermarkets & Grocery,115.3133595388393
2008-01-01,United States,Building Materials & Garden,109.4863096680397
2008-01-01,United States,Clothing & Footwear,109.4863096680397
2008-01-01,United States,Department Stores,109.4863096680397
2008-01-01,United States,Electronics & Appliances,109.4863096680397
2008-01-01,United States,Nonstore / Online,109.4863096680397
2008-01-01,United States,Supermarkets & Grocery,109.4863096680397
2008-02-01,Australia,Clothing & Footwear,81.38122798523538
2008-02-01,Australia,Department Stores,98.951314873333
2008-02-01,Australia,Nonstore / Online,75.08485256942095
2008-02-01,Australia,Supermarkets & Grocery,71.38088196159144
2008-02-01,Great Britain,Building Materials & Garden,87.70516713302412
2008-02-01,Great Britain,Clothing & Footwear,77.52469114867475
2008-02-01,Great Britain,Department Stores,69.19745944
2008-02-01,Great Britain,Electronics & Appliances,99.03482489111684
2008-02-01,Great Britain,Nonstore/Online,44.759061724391096
2008-02-01,Great Britain,Supermarkets & Grocery,76.12460541336289
2008-02-01,New Zealand,Building Materials & Garden,92.64162669887544
2008-02-01,New Zealand,Clothing & Footwear,94.94209936496075
2008-02-01,New Zealand,Department Stores,90.51908088317872
2008-02-01,New Zealand,Nonstore / Online,51.14087133412443
2008-02-01,New Zealand,Supermarkets & Grocery,115.3133595388393
2008-02-01,United States,Building Materials & Garden,109.4984250060577
2008-02-01,United States,Clothing & Footwear,109.4984250060577
2008-02-01,United States,Department Stores,109.4984250060577
2008-02-01,United States,Electronics & Appliances,109.4984250060577
2008-02-01,United States,Nonstore / Online,109.4984250060577
2008-02-01,United States,Supermarkets & Grocery,109.4984250060577
2008-03-01,Australia,Clothing & Footwear,80.13929543869622
2008-03-01,Australia,Department Stores,97.5373573991752
2008-03-01,Australia,Nonstore / Online,75.13156710226346
2008-03-01,Australia,Supermarkets & Grocery,72.53798915990986
2008-03-01,Great Britain,Building Materials & Garden,106.87533867584568
2008-03-01,Great Britain,Clothing & Footwear,91.98584701149116
2008-03-01,Great Britain,Department Stores,83.48045683492758
2008-03-01,Great Britain,Electronics & Appliances,123.26425051705642
2008-03-01,Great Britain,Nonstore/Online,54.37088501
2008-03-01,Great Britain,Supermarkets & Grocery,93.92239522387726
2008-03-01,New Zealand,Building Materials & Garden,92.64162669887544
2008-03-01,New Zealand,Clothing & Footwear,94.94209936496075
2008-03-01,New Zealand,Department Stores,90.51908088317872
2008-03-01,New Zealand,Nonstore / Online,51.14087133412443
2008-03-01,New Zealand,Supermarkets & Grocery,115.3133595388393
2008-03-01,United States,Building Materials & Garden,109.6922704143445
2008-03-01,United States,Clothing & Footwear,109.6922704143445
2008-03-01,United States,Department Stores,109.6922704143445
2008-03-01,United States,Electronics & Appliances,109.6922704143445
2008-03-01,United States,Nonstore / Online,109.6922704143445
2008-03-01,United States,Supermarkets & Grocery,109.6922704143445
2008-04-01,Australia,Clothing & Footwear,82.17542519310807
2008-04-01,Australia,Department Stores,99.83825183439562
2008-04-01,Australia,Nonstore / Online,75.2220765096458
2008-04-01,Australia,Supermarkets & Grocery,72.16306621617525
2008-04-01,Great Britain,Building Materials & Garden,84.38263655340769
2008-04-01,Great Britain,Clothing & Footwear,73.38888129873001
2008-04-01,Great Britain,Department Stores,67.06313591647817
2008-04-01,Great Britain,Electronics & Appliances,98.84257852480047
2008-04-01,Great Britain,Nonstore/Online,42.96509637
2008-04-01,Great Britain,Supermarkets & Grocery,75.35517074153127
2008-04-01,New Zealand,Building Materials & Garden,90.9037606857652
2008-04-01,New Zealand,Clothing & Footwear,92.03479374566412
2008-04-01,New Zealand,Department Stores,90.30345230340735
2008-04-01,New Zealand,Nonstore / Online,56.91812171554501
2008-04-01,New Zealand,Supermarkets & Grocery,114.3617413664099
2008-04-01,United States,Building Materials & Garden,110.8311121880301
2008-04-01,United States,Clothing & Footwear,110.8311121880301
2008-04-01,United States,Department Stores,110.8311121880301
2008-04-01,United States,Electronics & Appliances,110.8311121880301
2008-04-01,United States,Nonstore / Online,110.8311121880301
2008-04-01,United States,Supermarkets & Grocery,110.8311121880301
2008-05-01,Australia,Clothing & Footwear,80.56037986434684
2008-05-01,Australia,Department Stores,97.62733651116709
2008-05-01,Australia,Nonstore / Online,76.19140306612782
2008-05-01,Australia,Supermarkets & Grocery,72.70776558726138
2008-05-01,Great Britain,Building Materials & Garden,87.72639365543782
2008-05-01,Great Britain,Clothing & Footwear,81.48519010984184
2008-05-01,Great Britain,Department Stores,67.47230866516598
2008-05-01,Great Britain,Electronics & Appliances,100.99013373462596
2008-05-01,Great Britain,Nonstore/Online,43.44063681693211
2008-05-01,Great Britain,Supermarkets & Grocery,78.07811494794541
2008-05-01,New Zealand,Building Materials & Garden,90.9037606857652
2008-05-01,New Zealand,Clothing & Footwear,92.03479374566412
2008-05-01,New Zealand,Department Stores,90.30345230340735
2008-05-01,New Zealand,Nonstore / Online,56.91812171554501
2008-05-01,New Zealand,Supermarkets & Grocery,114.3617413664099
2008-05-01,United States,Building Materials & Garden,113.3753331717955
2008-05-01,United States,Clothing & Footwear,113.3753331717955
2008-05-01,United States,Department Stores,113.3753331717955
2008-05-01,United States,Electronics & Appliances,113.3753331717955
2008-05-01,United States,Nonstore / Online,113.3753331717955
2008-05-01,United States,Supermarkets & Grocery,113.3753331717955
2008-06-01,Australia,Clothing & Footwear,78.12448641469707
2008-06-01,Australia,Department Stores,91.9907878528199
2008-06-01,Australia,Nonstore / Online,75.458568832161
2008-06-01,Australia,Supermarkets & Grocery,72.95535621048235
2008-06-01,Great Britain,Building Materials & Garden,107.82317096766349
2008-06-01,Great Britain,Clothing & Footwear,92.21489008
2008-06-01,Great Britain,Department Stores,83.28636349308056
2008-06-01,Great Britain,Electronics & Appliances,122.1667390219392
2008-06-01,Great Britain,Nonstore/Online,54.03742367287471
2008-06-01,Great Britain,Supermarkets & Grocery,95.80276879
2008-06-01,New Zealand,Building Materials & Garden,90.9037606857652
2008-06-01,New Zealand,Clothing & Footwear,92.03479374566412
2008-06-01,New Zealand,Department Stores,90.30345230340735
2008-06-01,New Zealand,Nonstore / Online,56.91812171554501
2008-06-01,New Zealand,Supermarkets & Grocery,114.3617413664099
2008-06-01,United States,Building Materials & Garden,111.2914950327114
2008-06-01,United States,Clothing & Footwear,111.2914950327114
2008-06-01,United States,Department Stores,111.2914950327114
2008-06-01,United States,Electronics & Appliances,111.2914950327114
2008-06-01,United States,Nonstore / Online,111.2914950327114
2008-06-01,United States,Supermarkets & Grocery,111.2914950327114
2008-07-01,Australia,Clothing & Footwear,81.0880679420609
2008-07-01,Australia,Department Stores,99.3369396390124
2008-07-01,Australia,Nonstore / Online,75.58119448087257
2008-07-01,Australia,Supermarkets & Grocery,74.30548303751587
2008-07-01,Great Britain,Building Materials & Garden,86.44773517165436
2008-07-01,Great Britain,Clothing & Footwear,74.80162637120709
2008-07-01,Great Britain,Department Stores,66.74749365498478
2008-07-01,Great Britain,Electronics & Appliances,96.16140975225365
2008-07-01,Great Britain,Nonstore/Online,42.45174420281052
2008-07-01,Great Britain,Supermarkets & Grocery,77.77207514129255
2008-07-01,New Zealand,Building Materials & Garden,88.27937192912509
2008-07-01,New Zealand,Clothing & Footwear,93.68696301830408
2008-07-01,New Zealand,Department Stores,92.41481548033512
2008-07-01,New Zealand,Nonstore / Online,64.36345143244617
2008-07-01,New Zealand,Supermarkets & Grocery,115.1679295191325
2008-07-01,United States,Building Materials & Garden,111.4732251029804
2008-07-01,United States,Clothing & Footwear,111.4732251029804
2008-07-01,United States,Department Stores,111.4732251029804
2008-07-01,United States,Electronics & Appliances,111.4732251029804
2008-07-01,United States,Nonstore / Online,111.4732251029804
2008-07-01,United States,Supermarkets & Grocery,111.4732251029804
2008-08-01,Australia,Clothing & Footwear,81.09872830726725
2008-08-01,Australia,Department Stores,94.58732794172784
2008-08-01,Australia,Nonstore / Online,75.94031245209935
2008-08-01,Australia,Supermarkets & Grocery,74.55913710457082
2008-08-01,Great Britain,Building Materials & Garden,85.50620529
2008-08-01,Great Britain,Clothing & Footwear,77.51777537963514
2008-08-01,Great Britain,Department Stores,66.70892667134545
2008-08-01,Great Britain,Electronics & Appliances,96.63549374517356
2008-08-01,Great Britain,Nonstore/Online,42.72229867
2008-08-01,Great Britain,Supermarkets & Grocery,78.08965690312058
2008-08-01,New Zealand,Building Materials & Garden,88.27937192912509
2008-08-01,New Zealand,Clothing & Footwear,93.68696301830408
2008-08-01,New Zealand,Department Stores,92.41481548033512
2008-08-01,New Zealand,Nonstore / Online,64.36345143244617
2008-08-01,New Zealand,Supermarkets & Grocery,115.1679295191325
2008-08-01,United States,Building Materials & Garden,109.8255391325418
2008-08-01,United States,Clothing & Footwear,109.8255391325418
2008-08-01,United States,Department Stores,109.8255391325418
2008-08-01,United States,Electronics & Appliances,109.8255391325418
2008-08-01,United States,Nonstore / Online,109.8255391325418
2008-08-01,United States,Supermarkets & Grocery,109.8255391325418
2008-09-01,Australia,Clothing & Footwear,80.59769114256903
2008-09-01,Australia,Department Stores,98.74564833163733
2008-09-01,Australia,Nonstore / Online,75.1549243686847
2008-09-01,Australia,Supermarkets & Grocery,74.07608274579685
2008-09-01,Great Britain,Building Materials & Garden,106.7274840987003
2008-09-01,Great Britain,Clothing & Footwear,94.75387714230568
2008-09-01,Great Britain,Department Stores,82.91879275
2008-09-01,Great Britain,Electronics & Appliances,118.41893693511972
2008-09-01,Great Britain,Nonstore/Online,54.73083566397043
2008-09-01,Great Britain,Supermarkets & Grocery,97.98465715003852
2008-09-01,New Zealand,Building Materials & Garden,88.27937192912509
2008-09-01,New Zealand,Clothing & Footwear,93.68696301830408
2008-09-01,New Zealand,Department Stores,92.41481548033512
2008-09-01,New Zealand,Nonstore / Online,64.36345143244617
2008-09-01,New Zealand,Supermarkets & Grocery,115.1679295191325
2008-09-01,United States,Building Materials & Garden,104.9672885873516
2008-09-01,United States,Clothing & Footwear,104.9672885873516
2008-09-01,United States,Department Stores,104.9672885873516
2008-09-01,United States,Electronics & Appliances,104.9672885873516
2008-09-01,United States,Nonstore / Online,104.9672885873516
2008-09-01,United States,Supermarkets & Grocery,104.9672885873516
2008-10-01,Australia,Clothing & Footwear,80.14995580390257
2008-10-01,Australia,Department Stores,96.62471212040064
2008-10-01,Australia,Nonstore / Online,76.52716377093333
2008-10-01,Australia,Supermarkets & Grocery,75.23420051808759
2008-10-01,Great Britain,Building Materials & Garden,83.58011266
2008-10-01,Great Britain,Clothing & Footwear,74.40858444898494
2008-10-01,Great Britain,Department Stores,66.25345133
2008-10-01,Great Britain,Electronics & Appliances,92.35255645450938
2008-10-01,Great Britain,Nonstore/Online,43.75124212726756
2008-10-01,Great Britain,Supermarkets & Grocery,78.95633195398796
2008-10-01,New Zealand,Building Materials & Garden,81.89077945987782
2008-10-01,New Zealand,Clothing & Footwear,96.58146112385934
2008-10-01,New Zealand,Department Stores,90.213607061836
2008-10-01,New Zealand,Nonstore / Online,64.81098491269708
2008-10-01,New Zealand,Supermarkets & Grocery,117.1849806620227
2008-10-01,United States,Building Materials & Garden,103.7436394475406
2008-10-01,United States,Clothing & Footwear,103.7436394475406
2008-10-01,United States,Department Stores,103.7436394475406
2008-10-01,United States,Electronics & Appliances,103.7436394475406
2008-10-01,United States,Nonstore / Online,103.7436394475406
2008-10-01,United States,Supermarkets & Grocery,103.7436394475406
2008-11-01,Australia,Clothing & Footwear,81.32259597660048
2008-11-01,Australia,Department Stores,95.97557709817366
2008-11-01,Australia,Nonstore / Online,76.61475352001302
2008-11-01,Australia,Supermarkets & Grocery,76.00830018089275
2008-11-01,Great Britain,Building Materials & Garden,81.81879028737862
2008-11-01,Great Britain,Clothing & Footwear,75.21883492130003
2008-11-01,Great Britain,Department Stores,67.92970864963308
2008-11-01,Great Britain,Electronics & Appliances,93.73160867064514
2008-11-01,Great Britain,Nonstore/Online,46.07605020903298
2008-11-01,Great Britain,Supermarkets & Grocery,78.83361067185473
2008-11-01,New Zealand,Building Materials & Garden,81.89077945987782
2008-11-01,New Zealand,Clothing & Footwear,96.58146112385934
2008-11-01,New Zealand,Department Stores,90.213607061836
2008-11-01,New Zealand,Nonstore / Online,64.81098491269708
2008-11-01,New Zealand,Supermarkets & Grocery,117.1849806620227
2008-11-01,United States,Building Materials & Garden,104.022292221953
2008-11-01,United States,Clothing & Footwear,104.022292221953
2008-11-01,United States,Department Stores,104.022292221953
2008-11-01,United States,Electronics & Appliances,104.022292221953
2008-11-01,United States,Nonstore / Online,104.022292221953
2008-11-01,United States,Supermarkets & Grocery,104.022292221953
2008-12-01,Australia,Clothing & Footwear,84.91513905113864
2008-12-01,Australia,Department Stores,104.035134700873
2008-12-01,Australia,Nonstore / Online,78.93004255401975
2008-12-01,Australia,Supermarkets & Grocery,77.74446626535652
2008-12-01,Great Britain,Building Materials & Garden,104.13497446451872
2008-12-01,Great Britain,Clothing & Footwear,92.75483425217584
2008-12-01,Great Britain,Department Stores,83.97076089660712
2008-12-01,Great Britain,Electronics & Appliances,116.1017372966394
2008-12-01,Great Britain,Nonstore/Online,57.80372429934165
2008-12-01,Great Britain,Supermarkets & Grocery,98.11286066310828
2008-12-01,New Zealand,Building Materials & Garden,81.89077945987782
2008-12-01,New Zealand,Clothing & Footwear,96.58146112385934
2008-12-01,New Zealand,Department Stores,90.213607061836
2008-12-01,New Zealand,Nonstore / Online,64.81098491269708
2008-12-01,New Zealand,Supermarkets & Grocery,117.1849806620227
2008-12-01,United States,Building Materials & Garden,99.479040465229
2008-12-01,United States,Clothing & Footwear,99.479040465229
2008-12-01,United States,Department Stores,99.479040465229
2008-12-01,United States,Electronics & Appliances,99.479040465229
2008-12-01,United States,Nonstore / Online,99.479040465229
2008-12-01,United States,Supermarkets & Grocery,99.479040465229
2009-01-01,Australia,Clothing & Footwear,84.62197900796417
2009-01-01,Australia,Department Stores,101.9270526484923
2009-01-01,Australia,Nonstore / Online,77.58991939310035
2009-01-01,Australia,Supermarkets & Grocery,78.516544780217
2009-01-01,Great Britain,Building Materials & Garden,83.11665852185001
2009-01-01,Great Britain,Clothing & Footwear,76.14850452814692
2009-01-01,Great Britain,Department Stores,66.28320935290068
2009-01-01,Great Britain,Electronics & Appliances,91.79867908560875
2009-01-01,Great Britain,Nonstore/Online,45.15834501981824
2009-01-01,Great Britain,Supermarkets & Grocery,79.62006952979804
2009-01-01,New Zealand,Building Materials & Garden,72.86372644441056
2009-01-01,New Zealand,Clothing & Footwear,97.09376167351512
2009-01-01,New Zealand,Department Stores,88.21904269895104
2009-01-01,New Zealand,Nonstore / Online,75.83658247160537
2009-01-01,New Zealand,Supermarkets & Grocery,121.914617824662
2009-01-01,United States,Building Materials & Garden,105.9244002907681
2009-01-01,United States,Clothing & Footwear,105.9244002907681
2009-01-01,United States,Department Stores,105.9244002907681
2009-01-01,United States,Electronics & Appliances,105.9244002907681
2009-01-01,United States,Nonstore / Online,105.9244002907681
2009-01-01,United States,Supermarkets & Grocery,105.9244002907681
2009-02-01,Australia,Clothing & Footwear,83.35339554840915
2009-02-01,Australia,Department Stores,94.70301537143165
2009-02-01,Australia,Nonstore / Online,78.07166301303869
2009-02-01,Australia,Supermarkets & Grocery,78.31341941177857
2009-02-01,Great Britain,Building Materials & Garden,80.02724154
2009-02-01,Great Britain,Clothing & Footwear,75.05928375899556
2009-02-01,Great Britain,Department Stores,65.02064030692706
2009-02-01,Great Britain,Electronics & Appliances,89.60031591
2009-02-01,Great Britain,Nonstore/Online,41.66428876492389
2009-02-01,Great Britain,Supermarkets & Grocery,80.52966103
2009-02-01,New Zealand,Building Materials & Garden,72.86372644441056
2009-02-01,New Zealand,Clothing & Footwear,97.09376167351512
2009-02-01,New Zealand,Department Stores,88.21904269895104
2009-02-01,New Zealand,Nonstore / Online,75.83658247160537
2009-02-01,New Zealand,Supermarkets & Grocery,121.914617824662
2009-02-01,United States,Building Materials & Garden,105.6942088684274
2009-02-01,United States,Clothing & Footwear,105.6942088684274
2009-02-01,United States,Department Stores,105.6942088684274
2009-02-01,United States,Electronics & Appliances,105.6942088684274
2009-02-01,United States,Nonstore / Online,105.6942088684274
2009-02-01,United States,Supermarkets & Grocery,105.6942088684274
2009-03-01,Australia,Clothing & Footwear,88.55032358650219
2009-03-01,Australia,Department Stores,104.677842643672
2009-03-01,Australia,Nonstore / Online,79.34755369129964
2009-03-01,Australia,Supermarkets & Grocery,79.56653113746837
2009-03-01,Great Britain,Building Materials & Garden,100.39434189650407
2009-03-01,Great Britain,Clothing & Footwear,94.95749383670648
2009-03-01,Great Britain,Department Stores,83.74861210984781
2009-03-01,Great Britain,Electronics & Appliances,111.5548509408706
2009-03-01,Great Britain,Nonstore/Online,55.23738594565189
2009-03-01,Great Britain,Supermarkets & Grocery,100.82624854200246
2009-03-01,New Zealand,Building Materials & Garden,72.86372644441056
2009-03-01,New Zealand,Clothing & Footwear,97.09376167351512
2009-03-01,New Zealand,Department Stores,88.21904269895104
2009-03-01,New Zealand,Nonstore / Online,75.83658247160537
2009-03-01,New Zealand,Supermarkets & Grocery,121.914617824662
2009-03-01,United States,Building Materials & Garden,96.70462805912284
2009-03-01,United States,Clothing & Footwear,96.70462805912284
2009-03-01,United States,Department Stores,96.70462805912284
2009-03-01,United States,Electronics & Appliances,96.70462805912284
2009-03-01,United States,Nonstore / Online,96.70462805912284
2009-03-01,United States,Supermarkets & Grocery,96.70462805912284
2009-04-01,Australia,Clothing & Footwear,89.64301102015251
2009-04-01,Australia,Department Stores,103.8037598414654
2009-04-01,Australia,Nonstore / Online,79.24244599240401
2009-04-01,Australia,Supermarkets & Grocery,78.80657951027585
2009-04-01,Great Britain,Building Materials & Garden,80.65934822223463
2009-04-01,Great Britain,Clothing & Footwear,76.69433609870543
2009-04-01,Great Britain,Department Stores,67.81996670482447
2009-04-01,Great Britain,Electronics & Appliances,89.93362953995315
2009-04-01,Great Britain,Nonstore/Online,44.96193532344317
2009-04-01,Great Britain,Supermarkets & Grocery,81.03799753643732
2009-04-01,New Zealand,Building Materials & Garden,78.30247311701866
2009-04-01,New Zealand,Clothing & Footwear,97.15779924222213
2009-04-01,New Zealand,Department Stores,89.08155701803643
2009-04-01,New Zealand,Nonstore / Online,82.67163926089167
2009-04-01,New Zealand,Supermarkets & Grocery,125.7653518247252
2009-04-01,United States,Building Materials & Garden,96.06251514417252
2009-04-01,United States,Clothing & Footwear,96.06251514417252
2009-04-01,United States,Department Stores,96.06251514417252
2009-04-01,United States,Electronics & Appliances,96.06251514417252
2009-04-01,United States,Nonstore / Online,96.06251514417252
2009-04-01,United States,Supermarkets & Grocery,96.06251514417252
2009-05-01,Australia,Clothing & Footwear,90.08008599361266
2009-05-01,Australia,Department Stores,104.9670612179316
2009-05-01,Australia,Nonstore / Online,80.05995031714787
2009-05-01,Australia,Supermarkets & Grocery,79.79391028124273
2009-05-01,Great Britain,Building Materials & Garden,80.82888309543199
2009-05-01,Great Britain,Clothing & Footwear,75.03581127894658
2009-05-01,Great Britain,Department Stores,68.18231869122461
2009-05-01,Great Britain,Electronics & Appliances,90.67192239
2009-05-01,Great Britain,Nonstore/Online,44.83553011553734
2009-05-01,Great Britain,Supermarkets & Grocery,81.34168781554595
2009-05-01,New Zealand,Building Materials & Garden,78.30247311701866
2009-05-01,New Zealand,Clothing & Footwear,97.15779924222213
2009-05-01,New Zealand,Department Stores,89.08155701803643
2009-05-01,New Zealand,Nonstore / Online,82.67163926089167
2009-05-01,New Zealand,Supermarkets & Grocery,125.7653518247252
2009-05-01,United States,Building Materials & Garden,95.3477102011146
2009-05-01,United States,Clothing & Footwear,95.3477102011146
2009-05-01,United States,Department Stores,95.3477102011146
2009-05-01,United States,Electronics & Appliances,95.3477102011146
2009-05-01,United States,Nonstore / Online,95.3477102011146
2009-05-01,United States,Supermarkets & Grocery,95.3477102011146
2009-06-01,Australia,Clothing & Footwear,86.93527825774096
2009-06-01,Australia,Department Stores,98.33431524824596
2009-06-01,Australia,Nonstore / Online,79.84389560275127
2009-06-01,Australia,Supermarkets & Grocery,79.95358096887095
2009-06-01,Great Britain,Building Materials & Garden,102.3545431753642
2009-06-01,Great Britain,Clothing & Footwear,95.81846851837167
2009-06-01,Great Britain,Department Stores,84.96102927210617
2009-06-01,Great Britain,Electronics & Appliances,111.88823879967754
2009-06-01,Great Britain,Nonstore/Online,55.80578690392899
2009-06-01,Great Britain,Supermarkets & Grocery,102.79804009057388
2009-06-01,New Zealand,Building Materials & Garden,78.30247311701866
2009-06-01,New Zealand,Clothing & Footwear,97.15779924222213
2009-06-01,New Zealand,Department Stores,89.08155701803643
2009-06-01,New Zealand,Nonstore / Online,82.67163926089167
2009-06-01,New Zealand,Supermarkets & Grocery,125.7653518247252
2009-06-01,United States,Building Materials & Garden,95.71117034165252
2009-06-01,United States,Clothing & Footwear,95.71117034165252
2009-06-01,United States,Department Stores,95.71117034165252
2009-06-01,United States,Electronics & Appliances,95.71117034165252
2009-06-01,United States,Nonstore / Online,95.71117034165252
2009-06-01,United States,Supermarkets & Grocery,95.71117034165252
2009-07-01,Australia,Clothing & Footwear,85.27759146815438
2009-07-01,Australia,Department Stores,99.23410636816456
2009-07-01,Australia,Nonstore / Online,79.75046653706627
2009-07-01,Australia,Supermarkets & Grocery,78.80354778835886
2009-07-01,Great Britain,Building Materials & Garden,83.95520699577776
2009-07-01,Great Britain,Clothing & Footwear,76.29121617847757
2009-07-01,Great Britain,Department Stores,68.49129870986285
2009-07-01,Great Britain,Electronics & Appliances,91.98706567931951
2009-07-01,Great Britain,Nonstore/Online,47.4515518
2009-07-01,Great Britain,Supermarkets & Grocery,81.71120442022867
2009-07-01,New Zealand,Building Materials & Garden,81.30680019231445
2009-07-01,New Zealand,Clothing & Footwear,98.33609050643044
2009-07-01,New Zealand,Department Stores,87.34754385570854
2009-07-01,New Zealand,Nonstore / Online,80.31191727411426
2009-07-01,New Zealand,Supermarkets & Grocery,128.6075602533433
2009-07-01,United States,Building Materials & Garden,94.80251999030772
2009-07-01,United States,Clothing & Footwear,94.80251999030772
2009-07-01,United States,Department Stores,94.80251999030772
2009-07-01,United States,Electronics & Appliances,94.80251999030772
2009-07-01,United States,Nonstore / Online,94.80251999030772
2009-07-01,United States,Supermarkets & Grocery,94.80251999030772
2009-08-01,Australia,Clothing & Footwear,86.03980758040801
2009-08-01,Australia,Department Stores,100.3202827914948
2009-08-01,Australia,Nonstore / Online,78.08042198794666
2009-08-01,Australia,Supermarkets & Grocery,79.38765954436587
2009-08-01,Great Britain,Building Materials & Garden,83.01816443269281
2009-08-01,Great Britain,Clothing & Footwear,75.45775031789935
2009-08-01,Great Britain,Department Stores,68.72455123
2009-08-01,Great Britain,Electronics & Appliances,93.21707129176288
2009-08-01,Great Britain,Nonstore/Online,48.36845428195355
2009-08-01,Great Britain,Supermarkets & Grocery,82.26204601090865
2009-08-01,New Zealand,Building Materials & Garden,81.30680019231445
2009-08-01,New Zealand,Clothing & Footwear,98.33609050643044
2009-08-01,New Zealand,Department Stores,87.34754385570854
2009-08-01,New Zealand,Nonstore / Online,80.31191727411426
2009-08-01,New Zealand,Supermarkets & Grocery,128.6075602533433
2009-08-01,United States,Building Materials & Garden,95.52944027138356
2009-08-01,United States,Clothing & Footwear,95.52944027138356
2009-08-01,United States,Department Stores,95.52944027138356
2009-08-01,United States,Electronics & Appliances,95.52944027138356
2009-08-01,United States,Nonstore / Online,95.52944027138356
2009-08-01,United States,Supermarkets & Grocery,95.52944027138356
2009-09-01,Australia,Clothing & Footwear,85.18697836390045
2009-09-01,Australia,Department Stores,98.30217985110602
2009-09-01,Australia,Nonstore / Online,78.64099638205674
2009-09-01,Australia,Supermarkets & Grocery,79.81109003877236
2009-09-01,Great Britain,Building Materials & Garden,102.40468516239612
2009-09-01,Great Britain,Clothing & Footwear,94.55144307011984
2009-09-01,Great Britain,Department Stores,86.28862921083822
2009-09-01,Great Britain,Electronics & Appliances,116.5108731928308
2009-09-01,Great Britain,Nonstore/Online,62.08219415556876
2009-09-01,Great Britain,Supermarkets & Grocery,102.14201561023728
2009-09-01,New Zealand,Building Materials & Garden,81.30680019231445
2009-09-01,New Zealand,Clothing & Footwear,98.33609050643044
2009-09-01,New Zealand,Department Stores,87.34754385570854
2009-09-01,New Zealand,Nonstore / Online,80.31191727411426
2009-09-01,New Zealand,Supermarkets & Grocery,128.6075602533433
2009-09-01,United States,Building Materials & Garden,94.92367337048704
2009-09-01,United States,Clothing & Footwear,94.92367337048704
2009-09-01,United States,Department Stores,94.92367337048704
2009-09-01,United States,Electronics & Appliances,94.92367337048704
2009-09-01,United States,Nonstore / Online,94.92367337048704
2009-09-01,United States,Supermarkets & Grocery,94.92367337048704
2009-10-01,Australia,Clothing & Footwear,85.00042197278941
2009-10-01,Australia,Department Stores,101.7856569010766
2009-10-01,Australia,Nonstore / Online,79.11982034369244
2009-10-01,Australia,Supermarkets & Grocery,79.41797676353579
2009-10-01,Great Britain,Building Materials & Garden,83.28551273458994
2009-10-01,Great Britain,Clothing & Footwear,76.64294345071208
2009-10-01,Great Britain,Department Stores,70.53657025393694
2009-10-01,Great Britain,Electronics & Appliances,94.43894911381572
2009-10-01,Great Britain,Nonstore/Online,49.047248558498666
2009-10-01,Great Britain,Supermarkets & Grocery,81.57721015240345
2009-10-01,New Zealand,Building Materials & Garden,86.00677791198098
2009-10-01,New Zealand,Clothing & Footwear,98.9636586797588
2009-10-01,New Zealand,Department Stores,88.38974865793669
2009-10-01,New Zealand,Nonstore / Online,80.06780810306833
2009-10-01,New Zealand,Supermarkets & Grocery,125.6799907262016
2009-10-01,United States,Building Materials & Garden,93.94233099103464
2009-10-01,United States,Clothing & Footwear,93.94233099103464
2009-10-01,United States,Department Stores,93.94233099103464
2009-10-01,United States,Electronics & Appliances,93.94233099103464
2009-10-01,United States,Nonstore / Online,93.94233099103464
2009-10-01,United States,Supermarkets & Grocery,93.94233099103464
2009-11-01,Australia,Clothing & Footwear,88.4703708474546
2009-11-01,Australia,Department Stores,102.119865031332
2009-11-01,Australia,Nonstore / Online,79.829297311238
2009-11-01,Australia,Supermarkets & Grocery,81.17132260552918
2009-11-01,Great Britain,Building Materials & Garden,84.03131491877893
2009-11-01,Great Britain,Clothing & Footwear,75.47132476419274
2009-11-01,Great Britain,Department Stores,70.99504359975293
2009-11-01,Great Britain,Electronics & Appliances,94.69298895501946
2009-11-01,Great Britain,Nonstore/Online,51.185744151338696
2009-11-01,Great Britain,Supermarkets & Grocery,81.37731836
2009-11-01,New Zealand,Building Materials & Garden,86.00677791198098
2009-11-01,New Zealand,Clothing & Footwear,98.9636586797588
2009-11-01,New Zealand,Department Stores,88.38974865793669
2009-11-01,New Zealand,Nonstore / Online,80.06780810306833
2009-11-01,New Zealand,Supermarkets & Grocery,125.6799907262016
2009-11-01,United States,Building Materials & Garden,97.38308698812696
2009-11-01,United States,Clothing & Footwear,97.38308698812696
2009-11-01,United States,Department Stores,97.38308698812696
2009-11-01,United States,Electronics & Appliances,97.38308698812696
2009-11-01,United States,Nonstore / Online,97.38308698812696
2009-11-01,United States,Supermarkets & Grocery,97.38308698812696
2009-12-01,Australia,Clothing & Footwear,84.78188448605934
2009-12-01,Australia,Department Stores,98.8292003642012
2009-12-01,Australia,Nonstore / Online,80.52125632896762
2009-12-01,Australia,Supermarkets & Grocery,80.65491930566832
2009-12-01,Great Britain,Building Materials & Garden,103.62362199345029
2009-12-01,Great Britain,Clothing & Footwear,96.16407700610274
2009-12-01,Great Britain,Department Stores,85.95351839522363
2009-12-01,Great Britain,Electronics & Appliances,119.24693238541278
2009-12-01,Great Britain,Nonstore/Online,60.77090911446541
2009-12-01,Great Britain,Supermarkets & Grocery,102.11507119671664
2009-12-01,New Zealand,Building Materials & Garden,86.00677791198098
2009-12-01,New Zealand,Clothing & Footwear,98.9636586797588
2009-12-01,New Zealand,Department Stores,88.38974865793669
2009-12-01,New Zealand,Nonstore / Online,80.06780810306833
2009-12-01,New Zealand,Supermarkets & Grocery,125.6799907262016
2009-12-01,United States,Building Materials & Garden,96.28059122849528
2009-12-01,United States,Clothing & Footwear,96.28059122849528
2009-12-01,United States,Department Stores,96.28059122849528
2009-12-01,United States,Electronics & Appliances,96.28059122849528
2009-12-01,United States,Nonstore / Online,96.28059122849528
2009-12-01,United States,Supermarkets & Grocery,96.28059122849528
2010-01-01,Australia,Clothing & Footwear,86.63678803196332
2010-01-01,Australia,Department Stores,103.2381768518023
2010-01-01,Australia,Nonstore / Online,80.5562922285995
2010-01-01,Australia,Supermarkets & Grocery,80.39520179477937
2010-01-01,Great Britain,Building Materials & Garden,77.14497223220455
2010-01-01,Great Britain,Clothing & Footwear,77.89696005459945
2010-01-01,Great Britain,Department Stores,70.2453192
2010-01-01,Great Britain,Electronics & Appliances,81.30874497359721
2010-01-01,Great Britain,Nonstore/Online,48.47614375
2010-01-01,Great Britain,Supermarkets & Grocery,81.97761869
2010-01-01,New Zealand,Building Materials & Garden,88.18790529685614
2010-01-01,New Zealand,Clothing & Footwear,100.7182880623299
2010-01-01,New Zealand,Department Stores,89.26124750117921
2010-01-01,New Zealand,Nonstore / Online,73.96507882691982
2010-01-01,New Zealand,Supermarkets & Grocery,124.8263797409659
2010-01-01,United States,Building Materials & Garden,98.1100072692028
2010-01-01,United States,Clothing & Footwear,98.1100072692028
2010-01-01,United States,Department Stores,98.1100072692028
2010-01-01,United States,Electronics & Appliances,98.1100072692028
2010-01-01,United States,Nonstore / Online,98.1100072692028
2010-01-01,United States,Supermarkets & Grocery,98.1100072692028
2010-02-01,Australia,Clothing & Footwear,84.76056375564666
2010-02-01,Australia,Department Stores,99.8575330726796
2010-02-01,Australia,Nonstore / Online,80.35483580571619
2010-02-01,Australia,Supermarkets & Grocery,79.39675471011685
2010-02-01,Great Britain,Building Materials & Garden,83.01579472591504
2010-02-01,Great Britain,Clothing & Footwear,79.75884447697324
2010-02-01,Great Britain,Department Stores,72.12621841163866
2010-02-01,Great Britain,Electronics & Appliances,90.86004919168846
2010-02-01,Great Britain,Nonstore/Online,48.886453698441976
2010-02-01,Great Britain,Supermarkets & Grocery,81.23408420054072
2010-02-01,New Zealand,Building Materials & Garden,88.18790529685614
2010-02-01,New Zealand,Clothing & Footwear,100.7182880623299
2010-02-01,New Zealand,Department Stores,89.26124750117921
2010-02-01,New Zealand,Nonstore / Online,73.96507882691982
2010-02-01,New Zealand,Supermarkets & Grocery,124.8263797409659
2010-02-01,United States,Building Materials & Garden,101.3448025199903
2010-02-01,United States,Clothing & Footwear,101.3448025199903
2010-02-01,United States,Department Stores,101.3448025199903
2010-02-01,United States,Electronics & Appliances,101.3448025199903
2010-02-01,United States,Nonstore / Online,101.3448025199903
2010-02-01,United States,Supermarkets & Grocery,101.3448025199903
2010-03-01,Australia,Clothing & Footwear,85.16032745088458
2010-03-01,Australia,Department Stores,100.7766054308821
2010-03-01,Australia,Nonstore / Online,80.6847571939164
2010-03-01,Australia,Supermarkets & Grocery,80.01522598118311
2010-03-01,Great Britain,Building Materials & Garden,101.77086422828042
2010-03-01,Great Britain,Clothing & Footwear,99.319673
2010-03-01,Great Britain,Department Stores,90.47125930022888
2010-03-01,Great Britain,Electronics & Appliances,115.87827873069524
2010-03-01,Great Britain,Nonstore/Online,62.53466734295895
2010-03-01,Great Britain,Supermarkets & Grocery,101.42115366272064
2010-03-01,New Zealand,Building Materials & Garden,88.18790529685614
2010-03-01,New Zealand,Clothing & Footwear,100.7182880623299
2010-03-01,New Zealand,Department Stores,89.26124750117921
2010-03-01,New Zealand,Nonstore / Online,73.96507882691982
2010-03-01,New Zealand,Supermarkets & Grocery,124.8263797409659
2010-03-01,United States,Building Materials & Garden,96.99539617155318
2010-03-01,United States,Clothing & Footwear,96.99539617155318
2010-03-01,United States,Department Stores,96.99539617155318
2010-03-01,United States,Electronics & Appliances,96.99539617155318
2010-03-01,United States,Nonstore / Online,96.99539617155318
2010-03-01,United States,Supermarkets & Grocery,96.99539617155318
2010-04-01,Australia,Clothing & Footwear,85.89589265012236
2010-04-01,Australia,Department Stores,98.28932569225005
2010-04-01,Australia,Nonstore / Online,80.70227514373232
2010-04-01,Australia,Supermarkets & Grocery,81.36232108629964
2010-04-01,Great Britain,Building Materials & Garden,82.76760575541273
2010-04-01,Great Britain,Clothing & Footwear,82.14609596
2010-04-01,Great Britain,Department Stores,72.00067214627917
2010-04-01,Great Britain,Electronics & Appliances,88.85159424845635
2010-04-01,Great Britain,Nonstore/Online,50.08633147575934
2010-04-01,Great Britain,Supermarkets & Grocery,82.60367680887961
2010-04-01,New Zealand,Building Materials & Garden,88.50452056240253
2010-04-01,New Zealand,Clothing & Footwear,106.7890495757511
2010-04-01,New Zealand,Department Stores,88.59639271355091
2010-04-01,New Zealand,Nonstore / Online,67.69961010340737
2010-04-01,New Zealand,Supermarkets & Grocery,125.9202664109347
2010-04-01,United States,Building Materials & Garden,98.6188514659559
2010-04-01,United States,Clothing & Footwear,98.6188514659559
2010-04-01,United States,Department Stores,98.6188514659559
2010-04-01,United States,Electronics & Appliances,98.6188514659559
2010-04-01,United States,Nonstore / Online,98.6188514659559
2010-04-01,United States,Supermarkets & Grocery,98.6188514659559
2010-05-01,Australia,Clothing & Footwear,87.04188190980442
2010-05-01,Australia,Department Stores,98.71994001392537
2010-05-01,Australia,Nonstore / Online,80.95336575776079
2010-05-01,Australia,Supermarkets & Grocery,81.50380144242591
2010-05-01,Great Britain,Building Materials & Garden,83.27058862381925
2010-05-01,Great Britain,Clothing & Footwear,79.6012215
2010-05-01,Great Britain,Department Stores,73.15131551228608
2010-05-01,Great Britain,Electronics & Appliances,90.26241536219187
2010-05-01,Great Britain,Nonstore/Online,49.55633370397502
2010-05-01,Great Britain,Supermarkets & Grocery,82.97123151850856
2010-05-01,New Zealand,Building Materials & Garden,88.50452056240253
2010-05-01,New Zealand,Clothing & Footwear,106.7890495757511
2010-05-01,New Zealand,Department Stores,88.59639271355091
2010-05-01,New Zealand,Nonstore / Online,67.69961010340737
2010-05-01,New Zealand,Supermarkets & Grocery,125.9202664109347
2010-05-01,United States,Building Materials & Garden,99.85461594378484
2010-05-01,United States,Clothing & Footwear,99.85461594378484
2010-05-01,United States,Department Stores,99.85461594378484
2010-05-01,United States,Electronics & Appliances,99.85461594378484
2010-05-01,United States,Nonstore / Online,99.85461594378484
2010-05-01,United States,Supermarkets & Grocery,99.85461594378484
2010-06-01,Australia,Clothing & Footwear,86.47688255386815
2010-06-01,Australia,Department Stores,100.0053558995234
2010-06-01,Australia,Nonstore / Online,81.33292133710617
2010-06-01,Australia,Supermarkets & Grocery,81.50076972050893
2010-06-01,Great Britain,Building Materials & Garden,104.29908926370312
2010-06-01,Great Britain,Clothing & Footwear,98.83006741
2010-06-01,Great Britain,Department Stores,92.48284951
2010-06-01,Great Britain,Electronics & Appliances,112.38236391958796
2010-06-01,Great Britain,Nonstore/Online,61.5239749
2010-06-01,Great Britain,Supermarkets & Grocery,104.11112537484408
2010-06-01,New Zealand,Building Materials & Garden,88.50452056240253
2010-06-01,New Zealand,Clothing & Footwear,106.7890495757511
2010-06-01,New Zealand,Department Stores,88.59639271355091
2010-06-01,New Zealand,Nonstore / Online,67.69961010340737
2010-06-01,New Zealand,Supermarkets & Grocery,125.9202664109347
2010-06-01,United States,Building Materials & Garden,101.2721104918827
2010-06-01,United States,Clothing & Footwear,101.2721104918827
2010-06-01,United States,Department Stores,101.2721104918827
2010-06-01,United States,Electronics & Appliances,101.2721104918827
2010-06-01,United States,Nonstore / Online,101.2721104918827
2010-06-01,United States,Supermarkets & Grocery,101.2721104918827
2010-07-01,Australia,Clothing & Footwear,88.08659770002619
2010-07-01,Australia,Department Stores,99.87038723153556
2010-07-01,Australia,Nonstore / Online,81.8964153895189
2010-07-01,Australia,Supermarkets & Grocery,81.69783164511337
2010-07-01,Great Britain,Building Materials & Garden,86.35272001372412
2010-07-01,Great Britain,Clothing & Footwear,79.80576373
2010-07-01,Great Britain,Department Stores,72.55323116619417
2010-07-01,Great Britain,Electronics & Appliances,89.87543604528442
2010-07-01,Great Britain,Nonstore/Online,52.75309268345717
2010-07-01,Great Britain,Supermarkets & Grocery,82.44089489548726
2010-07-01,New Zealand,Building Materials & Garden,89.57397657047035
2010-07-01,New Zealand,Clothing & Footwear,105.9821762100432
2010-07-01,New Zealand,Department Stores,88.61436176186518
2010-07-01,New Zealand,Nonstore / Online,65.17714866926597
2010-07-01,New Zealand,Supermarkets & Grocery,128.101716706537
2010-07-01,United States,Building Materials & Garden,99.62442452144414
2010-07-01,United States,Clothing & Footwear,99.62442452144414
2010-07-01,United States,Department Stores,99.62442452144414
2010-07-01,United States,Electronics & Appliances,99.62442452144414
2010-07-01,United States,Nonstore / Online,99.62442452144414
2010-07-01,United States,Supermarkets & Grocery,99.62442452144414
2010-08-01,Australia,Clothing & Footwear,87.69749436999462
2010-08-01,Australia,Department Stores,100.0824808526592
2010-08-01,Australia,Nonstore / Online,84.04820355857684
2010-08-01,Australia,Supermarkets & Grocery,81.35827879041032
2010-08-01,Great Britain,Building Materials & Garden,87.47601144568374
2010-08-01,Great Britain,Clothing & Footwear,79.95325728544026
2010-08-01,Great Britain,Department Stores,73.64709741809096
2010-08-01,Great Britain,Electronics & Appliances,89.76435624327962
2010-08-01,Great Britain,Nonstore/Online,54.212625008832426
2010-08-01,Great Britain,Supermarkets & Grocery,82.33563289715912
2010-08-01,New Zealand,Building Materials & Garden,89.57397657047035
2010-08-01,New Zealand,Clothing & Footwear,105.9821762100432
2010-08-01,New Zealand,Department Stores,88.61436176186518
2010-08-01,New Zealand,Nonstore / Online,65.17714866926597
2010-08-01,New Zealand,Supermarkets & Grocery,128.101716706537
2010-08-01,United States,Building Materials & Garden,99.3700024230676
2010-08-01,United States,Clothing & Footwear,99.3700024230676
2010-08-01,United States,Department Stores,99.3700024230676
2010-08-01,United States,Electronics & Appliances,99.3700024230676
2010-08-01,United States,Nonstore / Online,99.3700024230676
2010-08-01,United States,Supermarkets & Grocery,99.3700024230676
2010-09-01,Australia,Clothing & Footwear,88.83282326447032
2010-09-01,Australia,Department Stores,99.8318247549676
2010-09-01,Australia,Nonstore / Online,83.75039841170587
2010-09-01,Australia,Supermarkets & Grocery,81.2744011507069
2010-09-01,Great Britain,Building Materials & Garden,106.0867557214238
2010-09-01,Great Britain,Clothing & Footwear,100.80499508772584
2010-09-01,Great Britain,Department Stores,92.01878727810184
2010-09-01,Great Britain,Electronics & Appliances,110.2283139000896
2010-09-01,Great Britain,Nonstore/Online,66.85394850628398
2010-09-01,Great Britain,Supermarkets & Grocery,103.09404100681051
2010-09-01,New Zealand,Building Materials & Garden,89.57397657047035
2010-09-01,New Zealand,Clothing & Footwear,105.9821762100432
2010-09-01,New Zealand,Department Stores,88.61436176186518
2010-09-01,New Zealand,Nonstore / Online,65.17714866926597
2010-09-01,New Zealand,Supermarkets & Grocery,128.101716706537
2010-09-01,United States,Building Materials & Garden,100.2423067603586
2010-09-01,United States,Clothing & Footwear,100.2423067603586
2010-09-01,United States,Department Stores,100.2423067603586
2010-09-01,United States,Electronics & Appliances,100.2423067603586
2010-09-01,United States,Nonstore / Online,100.2423067603586
2010-09-01,United States,Supermarkets & Grocery,100.2423067603586
2010-10-01,Australia,Clothing & Footwear,84.8298561294879
2010-10-01,Australia,Department Stores,98.16078410369025
2010-10-01,Australia,Nonstore / Online,82.79275048843448
2010-10-01,Australia,Supermarkets & Grocery,81.6129434314376
2010-10-01,Great Britain,Building Materials & Garden,86.28851104390499
2010-10-01,Great Britain,Clothing & Footwear,81.30761681
2010-10-01,Great Britain,Department Stores,73.28622593010309
2010-10-01,Great Britain,Electronics & Appliances,86.79270246896479
2010-10-01,Great Britain,Nonstore/Online,54.01659554202659
2010-10-01,Great Britain,Supermarkets & Grocery,83.05707233797789
2010-10-01,New Zealand,Building Materials & Garden,86.90737244509072
2010-10-01,New Zealand,Clothing & Footwear,103.5231335716954
2010-10-01,New Zealand,Department Stores,85.5596235484378
2010-10-01,New Zealand,Nonstore / Online,67.9437192744533
2010-10-01,New Zealand,Supermarkets & Grocery,131.0039940563383
2010-10-01,United States,Building Materials & Garden,98.1463532832566
2010-10-01,United States,Clothing & Footwear,98.1463532832566
2010-10-01,United States,Department Stores,98.1463532832566
2010-10-01,United States,Electronics & Appliances,98.1463532832566
2010-10-01,United States,Nonstore / Online,98.1463532832566
2010-10-01,United States,Supermarkets & Grocery,98.1463532832566
2010-11-01,Australia,Clothing & Footwear,85.9651850239636
2010-11-01,Australia,Department Stores,100.1531787263671
2010-11-01,Australia,Nonstore / Online,83.14602914305596
2010-11-01,Australia,Supermarkets & Grocery,81.97776063544892
2010-11-01,Great Britain,Building Materials & Garden,87.17203352731737
2010-11-01,Great Britain,Clothing & Footwear,81.42125138269854
2010-11-01,Great Britain,Department Stores,73.30225232541578
2010-11-01,Great Britain,Electronics & Appliances,85.71163212061938
2010-11-01,Great Britain,Nonstore/Online,53.244983002858106
2010-11-01,Great Britain,Supermarkets & Grocery,84.11053878404473
2010-11-01,New Zealand,Building Materials & Garden,86.90737244509072
2010-11-01,New Zealand,Clothing & Footwear,103.5231335716954
2010-11-01,New Zealand,Department Stores,85.5596235484378
2010-11-01,New Zealand,Nonstore / Online,67.9437192744533
2010-11-01,New Zealand,Supermarkets & Grocery,131.0039940563383
2010-11-01,United States,Building Materials & Garden,96.02616913011872
2010-11-01,United States,Clothing & Footwear,96.02616913011872
2010-11-01,United States,Department Stores,96.02616913011872
2010-11-01,United States,Electronics & Appliances,96.02616913011872
2010-11-01,United States,Nonstore / Online,96.02616913011872
2010-11-01,United States,Supermarkets & Grocery,96.02616913011872
2010-12-01,Australia,Clothing & Footwear,86.5834862059316
2010-12-01,Australia,Department Stores,97.6209094317391
2010-12-01,Australia,Nonstore / Online,83.43215565671629
2010-12-01,Australia,Supermarkets & Grocery,82.08791319843293
2010-12-01,Great Britain,Building Materials & Garden,106.11191494870278
2010-12-01,Great Britain,Clothing & Footwear,101.05668794608238
2010-12-01,Great Britain,Department Stores,93.60044074437734
2010-12-01,Great Britain,Electronics & Appliances,107.14368755066532
2010-12-01,Great Britain,Nonstore/Online,68.78885229
2010-12-01,Great Britain,Supermarkets & Grocery,104.15653375229816
2010-12-01,New Zealand,Building Materials & Garden,86.90737244509072
2010-12-01,New Zealand,Clothing & Footwear,103.5231335716954
2010-12-01,New Zealand,Department Stores,85.5596235484378
2010-12-01,New Zealand,Nonstore / Online,67.9437192744533
2010-12-01,New Zealand,Supermarkets & Grocery,131.0039940563383
2010-12-01,United States,Building Materials & Garden,98.6188514659559
2010-12-01,United States,Clothing & Footwear,98.6188514659559
2010-12-01,United States,Department Stores,98.6188514659559
2010-12-01,United States,Electronics & Appliances,98.6188514659559
2010-12-01,United States,Nonstore / Online,98.6188514659559
2010-12-01,United States,Supermarkets & Grocery,98.6188514659559
2011-01-01,Australia,Clothing & Footwear,83.9770269129803
2011-01-01,Australia,Department Stores,99.45262706871624
2011-01-01,Australia,Nonstore / Online,84.5562241032391
2011-01-01,Australia,Supermarkets & Grocery,83.62095391445828
2011-01-01,Great Britain,Building Materials & Garden,85.75752025815686
2011-01-01,Great Britain,Clothing & Footwear,81.96353509
2011-01-01,Great Britain,Department Stores,77.9265521
2011-01-01,Great Britain,Electronics & Appliances,87.19842395092819
2011-01-01,Great Britain,Nonstore/Online,56.95441818485939
2011-01-01,Great Britain,Supermarkets & Grocery,84.13408152468992
2011-01-01,New Zealand,Building Materials & Garden,86.09824454424992
2011-01-01,New Zealand,Clothing & Footwear,104.0354341213512
2011-01-01,New Zealand,Department Stores,85.64048426585207
2011-01-01,New Zealand,Nonstore / Online,88.20478047126632
2011-01-01,New Zealand,Supermarkets & Grocery,132.0188426721186
2011-01-01,United States,Building Materials & Garden,98.23116064938212
2011-01-01,United States,Clothing & Footwear,98.23116064938212
2011-01-01,United States,Department Stores,98.23116064938212
2011-01-01,United States,Electronics & Appliances,98.23116064938212
2011-01-01,United States,Nonstore / Online,98.23116064938212
2011-01-01,United States,Supermarkets & Grocery,98.23116064938212
2011-02-01,Australia,Clothing & Footwear,86.5408447451062
2011-02-01,Australia,Department Stores,100.5580847303305
2011-02-01,Australia,Nonstore / Online,84.98249421542697
2011-02-01,Australia,Supermarkets & Grocery,83.837216744537
2011-02-01,Great Britain,Building Materials & Garden,85.11785069
2011-02-01,Great Britain,Clothing & Footwear,82.3585052
2011-02-01,Great Britain,Department Stores,75.57400311410505
2011-02-01,Great Britain,Electronics & Appliances,86.43641576691131
2011-02-01,Great Britain,Nonstore/Online,56.68838422958431
2011-02-01,Great Britain,Supermarkets & Grocery,83.88885255383657
2011-02-01,New Zealand,Building Materials & Garden,86.09824454424992
2011-02-01,New Zealand,Clothing & Footwear,104.0354341213512
2011-02-01,New Zealand,Department Stores,85.64048426585207
2011-02-01,New Zealand,Nonstore / Online,88.20478047126632
2011-02-01,New Zealand,Supermarkets & Grocery,132.0188426721186
2011-02-01,United States,Building Materials & Garden,99.66077053549796
2011-02-01,United States,Clothing & Footwear,99.66077053549796
2011-02-01,United States,Department Stores,99.66077053549796
2011-02-01,United States,Electronics & Appliances,99.66077053549796
2011-02-01,United States,Nonstore / Online,99.66077053549796
2011-02-01,United States,Supermarkets & Grocery,99.66077053549796
2011-03-01,Australia,Clothing & Footwear,86.17306214548732
2011-03-01,Australia,Department Stores,96.97177440951212
2011-03-01,Australia,Nonstore / Online,85.37372842798297
2011-03-01,Australia,Supermarkets & Grocery,83.41176510218587
2011-03-01,Great Britain,Building Materials & Garden,105.41731355670171
2011-03-01,Great Britain,Clothing & Footwear,101.7958525396073
2011-03-01,Great Britain,Department Stores,94.51176154204276
2011-03-01,Great Britain,Electronics & Appliances,108.49182447275832
2011-03-01,Great Britain,Nonstore/Online,69.48826345740706
2011-03-01,Great Britain,Supermarkets & Grocery,106.49671856241665
2011-03-01,New Zealand,Building Materials & Garden,86.09824454424992
2011-03-01,New Zealand,Clothing & Footwear,104.0354341213512
2011-03-01,New Zealand,Department Stores,85.64048426585207
2011-03-01,New Zealand,Nonstore / Online,88.20478047126632
2011-03-01,New Zealand,Supermarkets & Grocery,132.0188426721186
2011-03-01,United States,Building Materials & Garden,100.9571117034165
2011-03-01,United States,Clothing & Footwear,100.9571117034165
2011-03-01,United States,Department Stores,100.9571117034165
2011-03-01,United States,Electronics & Appliances,100.9571117034165
2011-03-01,United States,Nonstore / Online,100.9571117034165
2011-03-01,United States,Supermarkets & Grocery,100.9571117034165
2011-04-01,Australia,Clothing & Footwear,87.45763615285186
2011-04-01,Australia,Department Stores,101.0529698462857
2011-04-01,Australia,Nonstore / Online,86.52699345753234
2011-04-01,Australia,Supermarkets & Grocery,83.78971976783747
2011-04-01,Great Britain,Building Materials & Garden,85.47822258378459
2011-04-01,Great Britain,Clothing & Footwear,87.01562006136054
2011-04-01,Great Britain,Department Stores,75.08221855401325
2011-04-01,Great Britain,Electronics & Appliances,86.89227717954911
2011-04-01,Great Britain,Nonstore/Online,56.17144100634376
2011-04-01,Great Britain,Supermarkets & Grocery,86.98496818555778
2011-04-01,New Zealand,Building Materials & Garden,85.7745933839136
2011-04-01,New Zealand,Clothing & Footwear,102.7802977746945
2011-04-01,New Zealand,Department Stores,86.26940095685181
2011-04-01,New Zealand,Nonstore / Online,84.17697914900832
2011-04-01,New Zealand,Supermarkets & Grocery,133.6470265884014
2011-04-01,United States,Building Materials & Garden,101.574993942331
2011-04-01,United States,Clothing & Footwear,101.574993942331
2011-04-01,United States,Department Stores,101.574993942331
2011-04-01,United States,Electronics & Appliances,101.574993942331
2011-04-01,United States,Nonstore / Online,101.574993942331
2011-04-01,United States,Supermarkets & Grocery,101.574993942331
2011-05-01,Australia,Clothing & Footwear,86.07178867602705
2011-05-01,Australia,Department Stores,98.39858604252586
2011-05-01,Australia,Nonstore / Online,86.20291138593745
2011-05-01,Australia,Supermarkets & Grocery,83.98172882258027
2011-05-01,Great Britain,Building Materials & Garden,85.40034998552336
2011-05-01,Great Britain,Clothing & Footwear,82.77419690578466
2011-05-01,Great Britain,Department Stores,74.66094273080523
2011-05-01,Great Britain,Electronics & Appliances,85.66371898183282
2011-05-01,Great Britain,Nonstore/Online,57.64335191658412
2011-05-01,Great Britain,Supermarkets & Grocery,84.94130640890795
2011-05-01,New Zealand,Building Materials & Garden,85.7745933839136
2011-05-01,New Zealand,Clothing & Footwear,102.7802977746945
2011-05-01,New Zealand,Department Stores,86.26940095685181
2011-05-01,New Zealand,Nonstore / Online,84.17697914900832
2011-05-01,New Zealand,Supermarkets & Grocery,133.6470265884014
2011-05-01,United States,Building Materials & Garden,100.1211533801793
2011-05-01,United States,Clothing & Footwear,100.1211533801793
2011-05-01,United States,Department Stores,100.1211533801793
2011-05-01,United States,Electronics & Appliances,100.1211533801793
2011-05-01,United States,Nonstore / Online,100.1211533801793
2011-05-01,United States,Supermarkets & Grocery,100.1211533801793
2011-06-01,Australia,Clothing & Footwear,84.73391284263079
2011-06-01,Australia,Department Stores,94.56161962401588
2011-06-01,Australia,Nonstore / Online,87.06129092691852
2011-06-01,Australia,Supermarkets & Grocery,84.20304452252064
2011-06-01,Great Britain,Building Materials & Garden,103.9927920578521
2011-06-01,Great Britain,Clothing & Footwear,103.08748167176591
2011-06-01,Great Britain,Department Stores,94.09851742272124
2011-06-01,Great Britain,Electronics & Appliances,108.20861365782392
2011-06-01,Great Britain,Nonstore/Online,74.52389713
2011-06-01,Great Britain,Supermarkets & Grocery,106.44565391494874
2011-06-01,New Zealand,Building Materials & Garden,85.7745933839136
2011-06-01,New Zealand,Clothing & Footwear,102.7802977746945
2011-06-01,New Zealand,Department Stores,86.26940095685181
2011-06-01,New Zealand,Nonstore / Online,84.17697914900832
2011-06-01,New Zealand,Supermarkets & Grocery,133.6470265884014
2011-06-01,United States,Building Materials & Garden,100.533074872789
2011-06-01,United States,Clothing & Footwear,100.533074872789
2011-06-01,United States,Department Stores,100.533074872789
2011-06-01,United States,Electronics & Appliances,100.533074872789
2011-06-01,United States,Nonstore / Online,100.533074872789
2011-06-01,United States,Supermarkets & Grocery,100.533074872789
2011-07-01,Australia,Clothing & Footwear,82.77240564466337
2011-07-01,Australia,Department Stores,97.9358363237106
2011-07-01,Australia,Nonstore / Online,89.26563294542427
2011-07-01,Australia,Supermarkets & Grocery,85.17117438801324
2011-07-01,Great Britain,Building Materials & Garden,83.32375576843981
2011-07-01,Great Britain,Clothing & Footwear,83.24084420629842
2011-07-01,Great Britain,Department Stores,76.07663232506663
2011-07-01,Great Britain,Electronics & Appliances,86.65642280542933
2011-07-01,Great Britain,Nonstore/Online,59.4414998
2011-07-01,Great Britain,Supermarkets & Grocery,86.46243167754862
2011-07-01,New Zealand,Building Materials & Garden,86.87922886593103
2011-07-01,New Zealand,Clothing & Footwear,104.2915843961791
2011-07-01,New Zealand,Department Stores,87.69794029783698
2011-07-01,New Zealand,Nonstore / Online,85.56026445160198
2011-07-01,New Zealand,Supermarkets & Grocery,135.9960375588834
2011-07-01,United States,Building Materials & Garden,102.0838381390841
2011-07-01,United States,Clothing & Footwear,102.0838381390841
2011-07-01,United States,Department Stores,102.0838381390841
2011-07-01,United States,Electronics & Appliances,102.0838381390841
2011-07-01,United States,Nonstore / Online,102.0838381390841
2011-07-01,United States,Supermarkets & Grocery,102.0838381390841
2011-08-01,Australia,Clothing & Footwear,82.52188706231426
2011-08-01,Australia,Department Stores,96.62471212040064
2011-08-01,Australia,Nonstore / Online,88.98242609006657
2011-08-01,Australia,Supermarkets & Grocery,85.51375896463328
2011-08-01,Great Britain,Building Materials & Garden,83.54620569
2011-08-01,Great Britain,Clothing & Footwear,81.91682150912149
2011-08-01,Great Britain,Department Stores,75.93050713177676
2011-08-01,Great Britain,Electronics & Appliances,85.71415581809225
2011-08-01,Great Britain,Nonstore/Online,60.797609679771725
2011-08-01,Great Britain,Supermarkets & Grocery,86.93534331591157
2011-08-01,New Zealand,Building Materials & Garden,86.87922886593103
2011-08-01,New Zealand,Clothing & Footwear,104.2915843961791
2011-08-01,New Zealand,Department Stores,87.69794029783698
2011-08-01,New Zealand,Nonstore / Online,85.56026445160198
2011-08-01,New Zealand,Supermarkets & Grocery,135.9960375588834
2011-08-01,United States,Building Materials & Garden,102.7138357160165
2011-08-01,United States,Clothing & Footwear,102.7138357160165
2011-08-01,United States,Department Stores,102.7138357160165
2011-08-01,United States,Electronics & Appliances,102.7138357160165
2011-08-01,United States,Nonstore / Online,102.7138357160165
2011-08-01,United States,Supermarkets & Grocery,102.7138357160165
2011-09-01,Australia,Clothing & Footwear,82.60716998396502
2011-09-01,Australia,Department Stores,95.73134807991003
2011-09-01,Australia,Nonstore / Online,88.69337991810357
2011-09-01,Australia,Supermarkets & Grocery,85.25202030579968
2011-09-01,Great Britain,Building Materials & Garden,105.23121594570648
2011-09-01,Great Britain,Clothing & Footwear,102.23308853981872
2011-09-01,Great Britain,Department Stores,95.67121387
2011-09-01,Great Britain,Electronics & Appliances,108.34815928279488
2011-09-01,Great Britain,Nonstore/Online,76.00598974232162
2011-09-01,Great Britain,Supermarkets & Grocery,109.27715895129352
2011-09-01,New Zealand,Building Materials & Garden,86.87922886593103
2011-09-01,New Zealand,Clothing & Footwear,104.2915843961791
2011-09-01,New Zealand,Department Stores,87.69794029783698
2011-09-01,New Zealand,Nonstore / Online,85.56026445160198
2011-09-01,New Zealand,Supermarkets & Grocery,135.9960375588834
2011-09-01,United States,Building Materials & Garden,101.041919069542
2011-09-01,United States,Clothing & Footwear,101.041919069542
2011-09-01,United States,Department Stores,101.041919069542
2011-09-01,United States,Electronics & Appliances,101.041919069542
2011-09-01,United States,Nonstore / Online,101.041919069542
2011-09-01,United States,Supermarkets & Grocery,101.041919069542
2011-10-01,Australia,Clothing & Footwear,83.98768727818666
2011-10-01,Australia,Department Stores,95.15291093139096
2011-10-01,Australia,Nonstore / Online,88.81600556681515
2011-10-01,Australia,Supermarkets & Grocery,85.3985535317876
2011-10-01,Great Britain,Building Materials & Garden,86.07337192005869
2011-10-01,Great Britain,Clothing & Footwear,83.18412976
2011-10-01,Great Britain,Department Stores,76.08499714109588
2011-10-01,Great Britain,Electronics & Appliances,87.99784223866068
2011-10-01,Great Britain,Nonstore/Online,60.84594108279454
2011-10-01,Great Britain,Supermarkets & Grocery,87.77970181054238
2011-10-01,New Zealand,Building Materials & Garden,88.37083856139405
2011-10-01,New Zealand,Clothing & Footwear,104.1507017450238
2011-10-01,New Zealand,Department Stores,89.89914871633611
2011-10-01,New Zealand,Nonstore / Online,89.547380912019
2011-10-01,New Zealand,Supermarkets & Grocery,136.52717328303
2011-10-01,United States,Building Materials & Garden,104.9672885873516
2011-10-01,United States,Clothing & Footwear,104.9672885873516
2011-10-01,United States,Department Stores,104.9672885873516
2011-10-01,United States,Electronics & Appliances,104.9672885873516
2011-10-01,United States,Nonstore / Online,104.9672885873516
2011-10-01,United States,Supermarkets & Grocery,104.9672885873516
2011-11-01,Australia,Clothing & Footwear,84.08363056504376
2011-11-01,Australia,Department Stores,96.10411868673346
2011-11-01,Australia,Nonstore / Online,88.1328055239935
2011-11-01,Australia,Supermarkets & Grocery,85.98872873162861
2011-11-01,Great Britain,Building Materials & Garden,84.73645394304712
2011-11-01,Great Britain,Clothing & Footwear,83.5127959
2011-11-01,Great Britain,Department Stores,74.9775103
2011-11-01,Great Britain,Electronics & Appliances,84.76506000229917
2011-11-01,Great Britain,Nonstore/Online,63.181226601578885
2011-11-01,Great Britain,Supermarkets & Grocery,87.33217614487108
2011-11-01,New Zealand,Building Materials & Garden,88.37083856139405
2011-11-01,New Zealand,Clothing & Footwear,104.1507017450238
2011-11-01,New Zealand,Department Stores,89.89914871633611
2011-11-01,New Zealand,Nonstore / Online,89.547380912019
2011-11-01,New Zealand,Supermarkets & Grocery,136.52717328303
2011-11-01,United States,Building Materials & Garden,102.8834504482675
2011-11-01,United States,Clothing & Footwear,102.8834504482675
2011-11-01,United States,Department Stores,102.8834504482675
2011-11-01,United States,Electronics & Appliances,102.8834504482675
2011-11-01,United States,Nonstore / Online,102.8834504482675
2011-11-01,United States,Supermarkets & Grocery,102.8834504482675
2011-12-01,Australia,Clothing & Footwear,86.02914721520168
2011-12-01,Australia,Department Stores,96.40619141984898
2011-12-01,Australia,Nonstore / Online,89.79409109820513
2011-12-01,Australia,Supermarkets & Grocery,85.6633239125382
2011-12-01,Great Britain,Building Materials & Garden,105.0771345858578
2011-12-01,Great Britain,Clothing & Footwear,106.53297436749904
2011-12-01,Great Britain,Department Stores,95.24320178
2011-12-01,Great Britain,Electronics & Appliances,106.5286847444436
2011-12-01,Great Britain,Nonstore/Online,78.66759673
2011-12-01,Great Britain,Supermarkets & Grocery,110.16067623832812
2011-12-01,New Zealand,Building Materials & Garden,88.37083856139405
2011-12-01,New Zealand,Clothing & Footwear,104.1507017450238
2011-12-01,New Zealand,Department Stores,89.89914871633611
2011-12-01,New Zealand,Nonstore / Online,89.547380912019
2011-12-01,New Zealand,Supermarkets & Grocery,136.52717328303
2011-12-01,United States,Building Materials & Garden,101.05403440756
2011-12-01,United States,Clothing & Footwear,101.05403440756
2011-12-01,United States,Department Stores,101.05403440756
2011-12-01,United States,Electronics & Appliances,101.05403440756
2011-12-01,United States,Nonstore / Online,101.05403440756
2011-12-01,United States,Supermarkets & Grocery,101.05403440756
2012-01-01,Australia,Clothing & Footwear,86.4502316408523
2012-01-01,Australia,Department Stores,96.4576080552729
2012-01-01,Australia,Nonstore / Online,88.87147907456563
2012-01-01,Australia,Supermarkets & Grocery,85.6734296522615
2012-01-01,Great Britain,Building Materials & Garden,85.90391267580104
2012-01-01,Great Britain,Clothing & Footwear,84.56988019329961
2012-01-01,Great Britain,Department Stores,77.39816222030841
2012-01-01,Great Britain,Electronics & Appliances,84.90905921104579
2012-01-01,Great Britain,Nonstore/Online,62.21611945939948
2012-01-01,Great Britain,Supermarkets & Grocery,87.48548875028214
2012-01-01,New Zealand,Building Materials & Garden,88.68745382694044
2012-01-01,New Zealand,Clothing & Footwear,104.2275468274721
2012-01-01,New Zealand,Department Stores,88.97374272815075
2012-01-01,New Zealand,Nonstore / Online,83.72944566875744
2012-01-01,New Zealand,Supermarkets & Grocery,134.1497086130402
2012-01-01,United States,Building Materials & Garden,101.8778773927793
2012-01-01,United States,Clothing & Footwear,101.8778773927793
2012-01-01,United States,Department Stores,101.8778773927793
2012-01-01,United States,Electronics & Appliances,101.8778773927793
2012-01-01,United States,Nonstore / Online,101.8778773927793
2012-01-01,United States,Supermarkets & Grocery,101.8778773927793
2012-02-01,Australia,Clothing & Footwear,85.05372379882114
2012-02-01,Australia,Department Stores,97.665898987735
2012-02-01,Australia,Nonstore / Online,89.90795777200874
2012-02-01,Australia,Supermarkets & Grocery,86.04228915216213
2012-02-01,Great Britain,Building Materials & Garden,82.44272904003807
2012-02-01,Great Britain,Clothing & Footwear,83.98705311475591
2012-02-01,Great Britain,Department Stores,77.30463173311402
2012-02-01,Great Britain,Electronics & Appliances,84.39322287022897
2012-02-01,Great Britain,Nonstore/Online,61.50986415840956
2012-02-01,Great Britain,Supermarkets & Grocery,88.26928955686229
2012-02-01,New Zealand,Building Materials & Garden,88.68745382694044
2012-02-01,New Zealand,Clothing & Footwear,104.2275468274721
2012-02-01,New Zealand,Department Stores,88.97374272815075
2012-02-01,New Zealand,Nonstore / Online,83.72944566875744
2012-02-01,New Zealand,Supermarkets & Grocery,134.1497086130402
2012-02-01,United States,Building Materials & Garden,102.3140295614248
2012-02-01,United States,Clothing & Footwear,102.3140295614248
2012-02-01,United States,Department Stores,102.3140295614248
2012-02-01,United States,Electronics & Appliances,102.3140295614248
2012-02-01,United States,Nonstore / Online,102.3140295614248
2012-02-01,United States,Supermarkets & Grocery,102.3140295614248
2012-03-01,Australia,Clothing & Footwear,86.84466515348703
2012-03-01,Australia,Department Stores,98.1157945476943
2012-03-01,Australia,Nonstore / Online,90.56196123180383
2012-03-01,Australia,Supermarkets & Grocery,86.71937371362355
2012-03-01,Great Britain,Building Materials & Garden,108.24097044030285
2012-03-01,Great Britain,Clothing & Footwear,108.24356027389446
2012-03-01,Great Britain,Department Stores,102.0830304223301
2012-03-01,Great Britain,Electronics & Appliances,109.15436928578526
2012-03-01,Great Britain,Nonstore/Online,78.66045686061416
2012-03-01,Great Britain,Supermarkets & Grocery,110.19421831505372
2012-03-01,New Zealand,Building Materials & Garden,88.68745382694044
2012-03-01,New Zealand,Clothing & Footwear,104.2275468274721
2012-03-01,New Zealand,Department Stores,88.97374272815075
2012-03-01,New Zealand,Nonstore / Online,83.72944566875744
2012-03-01,New Zealand,Supermarkets & Grocery,134.1497086130402
2012-03-01,United States,Building Materials & Garden,104.2645989823116
2012-03-01,United States,Clothing & Footwear,104.2645989823116
2012-03-01,United States,Department Stores,104.2645989823116
2012-03-01,United States,Electronics & Appliances,104.2645989823116
2012-03-01,United States,Nonstore / Online,104.2645989823116
2012-03-01,United States,Supermarkets & Grocery,104.2645989823116
2012-04-01,Australia,Clothing & Footwear,87.40433432682013
2012-04-01,Australia,Department Stores,97.5373573991752
2012-04-01,Australia,Nonstore / Online,90.45101421630288
2012-04-01,Australia,Supermarkets & Grocery,87.00031327793141
2012-04-01,Great Britain,Building Materials & Garden,82.83587347832999
2012-04-01,Great Britain,Clothing & Footwear,82.82576952
2012-04-01,Great Britain,Department Stores,81.14108428125844
2012-04-01,Great Britain,Electronics & Appliances,87.67837182915274
2012-04-01,Great Britain,Nonstore/Online,63.48126997943557
2012-04-01,Great Britain,Supermarkets & Grocery,88.33578039527717
2012-04-01,New Zealand,Building Materials & Garden,89.82023288811754
2012-04-01,New Zealand,Clothing & Footwear,104.4580820748172
2012-04-01,New Zealand,Department Stores,89.18038678376496
2012-04-01,New Zealand,Nonstore / Online,85.56026445160198
2012-04-01,New Zealand,Supermarkets & Grocery,136.1541136672603
2012-04-01,United States,Building Materials & Garden,102.7622970680882
2012-04-01,United States,Clothing & Footwear,102.7622970680882
2012-04-01,United States,Department Stores,102.7622970680882
2012-04-01,United States,Electronics & Appliances,102.7622970680882
2012-04-01,United States,Nonstore / Online,102.7622970680882
2012-04-01,United States,Supermarkets & Grocery,102.7622970680882
2012-05-01,Australia,Clothing & Footwear,88.36909737799434
2012-05-01,Australia,Department Stores,99.51047078356812
2012-05-01,Australia,Nonstore / Online,90.86268603697746
2012-05-01,Australia,Supermarkets & Grocery,87.26710480662666
2012-05-01,Great Britain,Building Materials & Garden,82.95572013813374
2012-05-01,Great Britain,Clothing & Footwear,83.17903934097778
2012-05-01,Great Britain,Department Stores,81.81930060391383
2012-05-01,Great Britain,Electronics & Appliances,87.57623630789742
2012-05-01,Great Britain,Nonstore/Online,64.76762885988904
2012-05-01,Great Britain,Supermarkets & Grocery,88.34025794608536
2012-05-01,New Zealand,Building Materials & Garden,89.82023288811754
2012-05-01,New Zealand,Clothing & Footwear,104.4580820748172
2012-05-01,New Zealand,Department Stores,89.18038678376496
2012-05-01,New Zealand,Nonstore / Online,85.56026445160198
2012-05-01,New Zealand,Supermarkets & Grocery,136.1541136672603
2012-05-01,United States,Building Materials & Garden,104.361521686455
2012-05-01,United States,Clothing & Footwear,104.361521686455
2012-05-01,United States,Department Stores,104.361521686455
2012-05-01,United States,Electronics & Appliances,104.361521686455
2012-05-01,United States,Nonstore / Online,104.361521686455
2012-05-01,United States,Supermarkets & Grocery,104.361521686455
2012-06-01,Australia,Clothing & Footwear,89.8189070460572
2012-06-01,Australia,Department Stores,103.7459161266135
2012-06-01,Australia,Nonstore / Online,92.11229979051453
2012-06-01,Australia,Supermarkets & Grocery,88.2231077844513
2012-06-01,Great Britain,Building Materials & Garden,106.25417298430912
2012-06-01,Great Britain,Clothing & Footwear,104.23315979709204
2012-06-01,Great Britain,Department Stores,102.01674110592124
2012-06-01,Great Britain,Electronics & Appliances,109.78076584383304
2012-06-01,Great Britain,Nonstore/Online,78.99007364941139
2012-06-01,Great Britain,Supermarkets & Grocery,110.36235588550817
2012-06-01,New Zealand,Building Materials & Garden,89.82023288811754
2012-06-01,New Zealand,Clothing & Footwear,104.4580820748172
2012-06-01,New Zealand,Department Stores,89.18038678376496
2012-06-01,New Zealand,Nonstore / Online,85.56026445160198
2012-06-01,New Zealand,Supermarkets & Grocery,136.1541136672603
2012-06-01,United States,Building Materials & Garden,103.489217349164
2012-06-01,United States,Clothing & Footwear,103.489217349164
2012-06-01,United States,Department Stores,103.489217349164
2012-06-01,United States,Electronics & Appliances,103.489217349164
2012-06-01,United States,Nonstore / Online,103.489217349164
2012-06-01,United States,Supermarkets & Grocery,103.489217349164
2012-07-01,Australia,Clothing & Footwear,89.28055860313681
2012-07-01,Australia,Department Stores,93.88677628407692
2012-07-01,Australia,Nonstore / Online,90.29043300965677
2012-07-01,Australia,Supermarkets & Grocery,88.3625669926329
2012-07-01,Great Britain,Building Materials & Garden,83.87942679818204
2012-07-01,Great Britain,Clothing & Footwear,83.92622519822152
2012-07-01,Great Britain,Department Stores,81.38877167
2012-07-01,Great Britain,Electronics & Appliances,86.10046709743338
2012-07-01,Great Britain,Nonstore/Online,66.63844283598732
2012-07-01,Great Britain,Supermarkets & Grocery,88.08801995
2012-07-01,New Zealand,Building Materials & Garden,92.85973943736296
2012-07-01,New Zealand,Clothing & Footwear,104.0226266076098
2012-07-01,New Zealand,Department Stores,90.4472046899216
2012-07-01,New Zealand,Nonstore / Online,87.79793185285642
2012-07-01,New Zealand,Supermarkets & Grocery,134.5638680169879
2012-07-01,United States,Building Materials & Garden,104.7855585170826
2012-07-01,United States,Clothing & Footwear,104.7855585170826
2012-07-01,United States,Department Stores,104.7855585170826
2012-07-01,United States,Electronics & Appliances,104.7855585170826
2012-07-01,United States,Nonstore / Online,104.7855585170826
2012-07-01,United States,Supermarkets & Grocery,104.7855585170826
2012-08-01,Australia,Clothing & Footwear,88.45971048224825
2012-08-01,Australia,Department Stores,99.17626265331263
2012-08-01,Australia,Nonstore / Online,89.94299367164061
2012-08-01,Australia,Supermarkets & Grocery,88.5909567103796
2012-08-01,Great Britain,Building Materials & Garden,87.13792488
2012-08-01,Great Britain,Clothing & Footwear,84.34847274731732
2012-08-01,Great Britain,Department Stores,80.25012033676158
2012-08-01,Great Britain,Electronics & Appliances,84.06688651906687
2012-08-01,Great Britain,Nonstore/Online,62.51079737555695
2012-08-01,Great Britain,Supermarkets & Grocery,89.12625006286669
2012-08-01,New Zealand,Building Materials & Garden,92.85973943736296
2012-08-01,New Zealand,Clothing & Footwear,104.0226266076098
2012-08-01,New Zealand,Department Stores,90.4472046899216
2012-08-01,New Zealand,Nonstore / Online,87.79793185285642
2012-08-01,New Zealand,Supermarkets & Grocery,134.5638680169879
2012-08-01,United States,Building Materials & Garden,103.4044099830385
2012-08-01,United States,Clothing & Footwear,103.4044099830385
2012-08-01,United States,Department Stores,103.4044099830385
2012-08-01,United States,Electronics & Appliances,103.4044099830385
2012-08-01,United States,Nonstore / Online,103.4044099830385
2012-08-01,United States,Supermarkets & Grocery,103.4044099830385
2012-09-01,Australia,Clothing & Footwear,87.35636268339158
2012-09-01,Australia,Department Stores,98.04509667398642
2012-09-01,Australia,Nonstore / Online,90.92399886133325
2012-09-01,Australia,Supermarkets & Grocery,88.9982180212288
2012-09-01,Great Britain,Building Materials & Garden,107.46889980438571
2012-09-01,Great Britain,Clothing & Footwear,106.98653569611254
2012-09-01,Great Britain,Department Stores,101.99856798791076
2012-09-01,Great Britain,Electronics & Appliances,104.83587755131202
2012-09-01,Great Britain,Nonstore/Online,82.07403119002034
2012-09-01,Great Britain,Supermarkets & Grocery,111.77393146582418
2012-09-01,New Zealand,Building Materials & Garden,92.85973943736296
2012-09-01,New Zealand,Clothing & Footwear,104.0226266076098
2012-09-01,New Zealand,Department Stores,90.4472046899216
2012-09-01,New Zealand,Nonstore / Online,87.79793185285642
2012-09-01,New Zealand,Supermarkets & Grocery,134.5638680169879
2012-09-01,United States,Building Materials & Garden,103.4528713351102
2012-09-01,United States,Clothing & Footwear,103.4528713351102
2012-09-01,United States,Department Stores,103.4528713351102
2012-09-01,United States,Electronics & Appliances,103.4528713351102
2012-09-01,United States,Nonstore / Online,103.4528713351102
2012-09-01,United States,Supermarkets & Grocery,103.4528713351102
2012-10-01,Australia,Clothing & Footwear,87.22843830091544
2012-10-01,Australia,Department Stores,97.78158641743885
2012-10-01,Australia,Nonstore / Online,90.07437829526016
2012-10-01,Australia,Supermarkets & Grocery,89.6682285648839
2012-10-01,Great Britain,Building Materials & Garden,85.10269968844658
2012-10-01,Great Britain,Clothing & Footwear,86.00028747146523
2012-10-01,Great Britain,Department Stores,80.67150719735052
2012-10-01,Great Britain,Electronics & Appliances,83.75906965
2012-10-01,Great Britain,Nonstore/Online,66.94309121640475
2012-10-01,Great Britain,Supermarkets & Grocery,88.98697924665089
2012-10-01,New Zealand,Building Materials & Garden,96.84205588845762
2012-10-01,New Zealand,Clothing & Footwear,102.895565398367
2012-10-01,New Zealand,Department Stores,91.8847285550639
2012-10-01,New Zealand,Nonstore / Online,89.22190201729107
2012-10-01,New Zealand,Supermarkets & Grocery,135.5692320662655
2012-10-01,United States,Building Materials & Garden,99.50327114126485
2012-10-01,United States,Clothing & Footwear,99.50327114126485
2012-10-01,United States,Department Stores,99.50327114126485
2012-10-01,United States,Electronics & Appliances,99.50327114126485
2012-10-01,United States,Nonstore / Online,99.50327114126485
2012-10-01,United States,Supermarkets & Grocery,99.50327114126485
2012-11-01,Australia,Clothing & Footwear,86.97258953596318
2012-11-01,Australia,Department Stores,97.51807616089124
2012-11-01,Australia,Nonstore / Online,90.30503130117005
2012-11-01,Australia,Supermarkets & Grocery,89.52270591286832
2012-11-01,Great Britain,Building Materials & Garden,86.36633322287307
2012-11-01,Great Britain,Clothing & Footwear,82.66616693736647
2012-11-01,Great Britain,Department Stores,80.15973590869324
2012-11-01,Great Britain,Electronics & Appliances,84.65991831199526
2012-11-01,Great Britain,Nonstore/Online,66.68516882527337
2012-11-01,Great Britain,Supermarkets & Grocery,89.36521362693543
2012-11-01,New Zealand,Building Materials & Garden,96.84205588845762
2012-11-01,New Zealand,Clothing & Footwear,102.895565398367
2012-11-01,New Zealand,Department Stores,91.8847285550639
2012-11-01,New Zealand,Nonstore / Online,89.22190201729107
2012-11-01,New Zealand,Supermarkets & Grocery,135.5692320662655
2012-11-01,United States,Building Materials & Garden,103.4044099830385
2012-11-01,United States,Clothing & Footwear,103.4044099830385
2012-11-01,United States,Department Stores,103.4044099830385
2012-11-01,United States,Electronics & Appliances,103.4044099830385
2012-11-01,United States,Nonstore / Online,103.4044099830385
2012-11-01,United States,Supermarkets & Grocery,103.4044099830385
2012-12-01,Australia,Clothing & Footwear,88.4916915778673
2012-12-01,Australia,Department Stores,98.1929195008302
2012-12-01,Australia,Nonstore / Online,89.82328768123169
2012-12-01,Australia,Supermarkets & Grocery,89.3559612074338
2012-12-01,Great Britain,Building Materials & Garden,106.6219565181495
2012-12-01,Great Britain,Clothing & Footwear,105.13295533842202
2012-12-01,Great Britain,Department Stores,100.00892617167725
2012-12-01,Great Britain,Electronics & Appliances,105.9947371629391
2012-12-01,Great Britain,Nonstore/Online,89.72758769370101
2012-12-01,Great Britain,Supermarkets & Grocery,111.7257068196639
2012-12-01,New Zealand,Building Materials & Garden,96.84205588845762
2012-12-01,New Zealand,Clothing & Footwear,102.895565398367
2012-12-01,New Zealand,Department Stores,91.8847285550639
2012-12-01,New Zealand,Nonstore / Online,89.22190201729107
2012-12-01,New Zealand,Supermarkets & Grocery,135.5692320662655
2012-12-01,United States,Building Materials & Garden,105.3065180518536
2012-12-01,United States,Clothing & Footwear,105.3065180518536
2012-12-01,United States,Department Stores,105.3065180518536
2012-12-01,United States,Electronics & Appliances,105.3065180518536
2012-12-01,United States,Nonstore / Online,105.3065180518536
2012-12-01,United States,Supermarkets & Grocery,105.3065180518536
2013-01-01,Australia,Clothing & Footwear,88.9127760035179
2013-01-01,Australia,Department Stores,96.11697284558944
2013-01-01,Australia,Nonstore / Online,90.6583099557915
2013-01-01,Australia,Supermarkets & Grocery,90.2715412263652
2013-01-01,Great Britain,Building Materials & Garden,81.68722114191883
2013-01-01,Great Britain,Clothing & Footwear,85.73874799771026
2013-01-01,Great Britain,Department Stores,81.69604911109334
2013-01-01,Great Britain,Electronics & Appliances,81.88010265881735
2013-01-01,Great Britain,Nonstore/Online,70.39646290739091
2013-01-01,Great Britain,Supermarkets & Grocery,90.35233163019616
2013-01-01,New Zealand,Building Materials & Garden,99.33276264408926
2013-01-01,New Zealand,Clothing & Footwear,100.2059875126741
2013-01-01,New Zealand,Department Stores,91.50737854046405
2013-01-01,New Zealand,Nonstore / Online,96.30106797762332
2013-01-01,New Zealand,Supermarkets & Grocery,137.3839457904332
2013-01-01,United States,Building Materials & Garden,105.1974800096923
2013-01-01,United States,Clothing & Footwear,105.1974800096923
2013-01-01,United States,Department Stores,105.1974800096923
2013-01-01,United States,Electronics & Appliances,105.1974800096923
2013-01-01,United States,Nonstore / Online,105.1974800096923
2013-01-01,United States,Supermarkets & Grocery,105.1974800096923
2013-02-01,Australia,Clothing & Footwear,90.50117041926327
2013-02-01,Australia,Department Stores,100.6544909217503
2013-02-01,Australia,Nonstore / Online,91.33275102370516
2013-02-01,Australia,Supermarkets & Grocery,90.6828448331037
2013-02-01,Great Britain,Building Materials & Garden,86.60032916
2013-02-01,Great Britain,Clothing & Footwear,87.28926855822948
2013-02-01,Great Britain,Department Stores,83.37093696
2013-02-01,Great Britain,Electronics & Appliances,84.29168116014372
2013-02-01,Great Britain,Nonstore/Online,72.51932684016238
2013-02-01,Great Britain,Supermarkets & Grocery,89.93133110208646
2013-02-01,New Zealand,Building Materials & Garden,99.33276264408926
2013-02-01,New Zealand,Clothing & Footwear,100.2059875126741
2013-02-01,New Zealand,Department Stores,91.50737854046405
2013-02-01,New Zealand,Nonstore / Online,96.30106797762332
2013-02-01,New Zealand,Supermarkets & Grocery,137.3839457904332
2013-02-01,United States,Building Materials & Garden,105.9728616428398
2013-02-01,United States,Clothing & Footwear,105.9728616428398
2013-02-01,United States,Department Stores,105.9728616428398
2013-02-01,United States,Electronics & Appliances,105.9728616428398
2013-02-01,United States,Nonstore / Online,105.9728616428398
2013-02-01,United States,Supermarkets & Grocery,105.9728616428398
2013-03-01,Australia,Clothing & Footwear,85.7146664416145
2013-03-01,Australia,Department Stores,98.7520754110653
2013-03-01,Australia,Nonstore / Online,90.83348945395088
2013-03-01,Australia,Supermarkets & Grocery,91.172973209684
2013-03-01,Great Britain,Building Materials & Garden,106.5255296200112
2013-03-01,Great Britain,Clothing & Footwear,105.51507085974514
2013-03-01,Great Britain,Department Stores,101.78478401718073
2013-03-01,Great Britain,Electronics & Appliances,100.66914168399468
2013-03-01,Great Britain,Nonstore/Online,92.28940554028986
2013-03-01,Great Britain,Supermarkets & Grocery,112.63289342121809
2013-03-01,New Zealand,Building Materials & Garden,99.33276264408926
2013-03-01,New Zealand,Clothing & Footwear,100.2059875126741
2013-03-01,New Zealand,Department Stores,91.50737854046405
2013-03-01,New Zealand,Nonstore / Online,96.30106797762332
2013-03-01,New Zealand,Supermarkets & Grocery,137.3839457904332
2013-03-01,United States,Building Materials & Garden,103.1136418706082
2013-03-01,United States,Clothing & Footwear,103.1136418706082
2013-03-01,United States,Department Stores,103.1136418706082
2013-03-01,United States,Electronics & Appliances,103.1136418706082
2013-03-01,United States,Nonstore / Online,103.1136418706082
2013-03-01,United States,Supermarkets & Grocery,103.1136418706082
2013-04-01,Australia,Clothing & Footwear,88.53966322129584
2013-04-01,Australia,Department Stores,96.62471212040064
2013-04-01,Australia,Nonstore / Online,91.478733938838
2013-04-01,Australia,Supermarkets & Grocery,91.00622850424944
2013-04-01,Great Britain,Building Materials & Garden,87.44104566588823
2013-04-01,Great Britain,Clothing & Footwear,83.41070474921585
2013-04-01,Great Britain,Department Stores,81.46575758
2013-04-01,Great Britain,Electronics & Appliances,81.35988696062113
2013-04-01,Great Britain,Nonstore/Online,72.41290480850637
2013-04-01,Great Britain,Supermarkets & Grocery,89.91955973176385
2013-04-01,New Zealand,Building Materials & Garden,102.5129870891331
2013-04-01,New Zealand,Clothing & Footwear,103.8305139014889
2013-04-01,New Zealand,Department Stores,95.66721322521956
2013-04-01,New Zealand,Nonstore / Online,99.75928123410748
2013-04-01,New Zealand,Supermarkets & Grocery,137.8992739037422
2013-04-01,United States,Building Materials & Garden,103.4165253210565
2013-04-01,United States,Clothing & Footwear,103.4165253210565
2013-04-01,United States,Department Stores,103.4165253210565
2013-04-01,United States,Electronics & Appliances,103.4165253210565
2013-04-01,United States,Nonstore / Online,103.4165253210565
2013-04-01,United States,Supermarkets & Grocery,103.4165253210565
2013-05-01,Australia,Clothing & Footwear,89.69631284618424
2013-05-01,Australia,Department Stores,97.9358363237106
2013-05-01,Australia,Nonstore / Online,92.84513402448133
2013-05-01,Australia,Supermarkets & Grocery,91.03452457547472
2013-05-01,Great Britain,Building Materials & Garden,86.20030249054922
2013-05-01,Great Britain,Clothing & Footwear,85.73807955906703
2013-05-01,Great Britain,Department Stores,82.16081457516144
2013-05-01,Great Britain,Electronics & Appliances,86.05849207
2013-05-01,Great Britain,Nonstore/Online,74.27505799997206
2013-05-01,Great Britain,Supermarkets & Grocery,90.77765940263818
2013-05-01,New Zealand,Building Materials & Garden,102.5129870891331
2013-05-01,New Zealand,Clothing & Footwear,103.8305139014889
2013-05-01,New Zealand,Department Stores,95.66721322521956
2013-05-01,New Zealand,Nonstore / Online,99.75928123410748
2013-05-01,New Zealand,Supermarkets & Grocery,137.8992739037422
2013-05-01,United States,Building Materials & Garden,103.5134480251999
2013-05-01,United States,Clothing & Footwear,103.5134480251999
2013-05-01,United States,Department Stores,103.5134480251999
2013-05-01,United States,Electronics & Appliances,103.5134480251999
2013-05-01,United States,Nonstore / Online,103.5134480251999
2013-05-01,United States,Supermarkets & Grocery,103.5134480251999
2013-06-01,Australia,Clothing & Footwear,90.02678416758093
2013-06-01,Australia,Department Stores,98.84848160248517
2013-06-01,Australia,Nonstore / Online,90.81013218752965
2013-06-01,Australia,Supermarkets & Grocery,91.2133961685772
2013-06-01,Great Britain,Building Materials & Garden,109.41216020074948
2013-06-01,Great Britain,Clothing & Footwear,107.82151839822734
2013-06-01,Great Britain,Department Stores,107.28572391776648
2013-06-01,Great Britain,Electronics & Appliances,105.0798597158224
2013-06-01,Great Britain,Nonstore/Online,95.60141632698026
2013-06-01,Great Britain,Supermarkets & Grocery,113.58383502899146
2013-06-01,New Zealand,Building Materials & Garden,102.5129870891331
2013-06-01,New Zealand,Clothing & Footwear,103.8305139014889
2013-06-01,New Zealand,Department Stores,95.66721322521956
2013-06-01,New Zealand,Nonstore / Online,99.75928123410748
2013-06-01,New Zealand,Supermarkets & Grocery,137.8992739037422
2013-06-01,United States,Building Materials & Garden,103.670947419433
2013-06-01,United States,Clothing & Footwear,103.670947419433
2013-06-01,United States,Department Stores,103.670947419433
2013-06-01,United States,Electronics & Appliances,103.670947419433
2013-06-01,United States,Nonstore / Online,103.670947419433
2013-06-01,United States,Supermarkets & Grocery,103.670947419433
2013-07-01,Australia,Clothing & Footwear,91.2847072619296
2013-07-01,Australia,Department Stores,91.7401317551283
2013-07-01,Australia,Nonstore / Online,90.97947236908372
2013-07-01,Australia,Supermarkets & Grocery,91.9490940204338
2013-07-01,Great Britain,Building Materials & Garden,85.86801413908238
2013-07-01,Great Britain,Clothing & Footwear,85.77345538880131
2013-07-01,Great Britain,Department Stores,83.14641938066187
2013-07-01,Great Britain,Electronics & Appliances,83.59933444901793
2013-07-01,Great Britain,Nonstore/Online,77.10286755410607
2013-07-01,Great Britain,Supermarkets & Grocery,92.72494308477184
2013-07-01,New Zealand,Building Materials & Garden,105.2921655311514
2013-07-01,New Zealand,Clothing & Footwear,97.01691659106676
2013-07-01,New Zealand,Department Stores,93.44803575840614
2013-07-01,New Zealand,Nonstore / Online,102.5258518392948
2013-07-01,New Zealand,Supermarkets & Grocery,138.4525402830616
2013-07-01,United States,Building Materials & Garden,102.7380663920523
2013-07-01,United States,Clothing & Footwear,102.7380663920523
2013-07-01,United States,Department Stores,102.7380663920523
2013-07-01,United States,Electronics & Appliances,102.7380663920523
2013-07-01,United States,Nonstore / Online,102.7380663920523
2013-07-01,United States,Supermarkets & Grocery,102.7380663920523
2013-08-01,Australia,Clothing & Footwear,92.97970532973842
2013-08-01,Australia,Department Stores,97.2802742220556
2013-08-01,Australia,Nonstore / Online,90.04810137053624
2013-08-01,Australia,Supermarkets & Grocery,92.29471031897084
2013-08-01,Great Britain,Building Materials & Garden,87.04482565071456
2013-08-01,Great Britain,Clothing & Footwear,85.97085046
2013-08-01,Great Britain,Department Stores,83.96776288732231
2013-08-01,Great Britain,Electronics & Appliances,80.8217827
2013-08-01,Great Britain,Nonstore/Online,80.31906048934914
2013-08-01,Great Britain,Supermarkets & Grocery,91.27765785
2013-08-01,New Zealand,Building Materials & Garden,105.2921655311514
2013-08-01,New Zealand,Clothing & Footwear,97.01691659106676
2013-08-01,New Zealand,Department Stores,93.44803575840614
2013-08-01,New Zealand,Nonstore / Online,102.5258518392948
2013-08-01,New Zealand,Supermarkets & Grocery,138.4525402830616
2013-08-01,United States,Building Materials & Garden,102.6774897019627
2013-08-01,United States,Clothing & Footwear,102.6774897019627
2013-08-01,United States,Department Stores,102.6774897019627
2013-08-01,United States,Electronics & Appliances,102.6774897019627
2013-08-01,United States,Nonstore / Online,102.6774897019627
2013-08-01,United States,Supermarkets & Grocery,102.6774897019627
2013-09-01,Australia,Clothing & Footwear,95.03182563195976
2013-09-01,Australia,Department Stores,100.230303679503
2013-09-01,Australia,Nonstore / Online,92.57068614403158
2013-09-01,Australia,Supermarkets & Grocery,92.30885835458344
2013-09-01,Great Britain,Building Materials & Garden,115.53951605797764
2013-09-01,Great Britain,Clothing & Footwear,110.96963302525668
2013-09-01,Great Britain,Department Stores,105.5063128760736
2013-09-01,Great Britain,Electronics & Appliances,103.84306238812113
2013-09-01,Great Britain,Nonstore/Online,95.27294022689074
2013-09-01,Great Britain,Supermarkets & Grocery,114.33607147563404
2013-09-01,New Zealand,Building Materials & Garden,105.2921655311514
2013-09-01,New Zealand,Clothing & Footwear,97.01691659106676
2013-09-01,New Zealand,Department Stores,93.44803575840614
2013-09-01,New Zealand,Nonstore / Online,102.5258518392948
2013-09-01,New Zealand,Supermarkets & Grocery,138.4525402830616
2013-09-01,United States,Building Materials & Garden,102.1201841531379
2013-09-01,United States,Clothing & Footwear,102.1201841531379
2013-09-01,United States,Department Stores,102.1201841531379
2013-09-01,United States,Electronics & Appliances,102.1201841531379
2013-09-01,United States,Nonstore / Online,102.1201841531379
2013-09-01,United States,Supermarkets & Grocery,102.1201841531379
2013-10-01,Australia,Clothing & Footwear,95.63413626611823
2013-10-01,Australia,Department Stores,97.74302394087088
2013-10-01,Australia,Nonstore / Online,93.37651183556484
2013-10-01,Australia,Supermarkets & Grocery,92.50794142713256
2013-10-01,Great Britain,Building Materials & Garden,88.52982509169064
2013-10-01,Great Britain,Clothing & Footwear,86.98204387412727
2013-10-01,Great Britain,Department Stores,85.97961217973968
2013-10-01,Great Britain,Electronics & Appliances,82.56458137193947
2013-10-01,Great Britain,Nonstore/Online,76.79302270290908
2013-10-01,Great Britain,Supermarkets & Grocery,91.62154324523983
2013-10-01,New Zealand,Building Materials & Garden,106.3053343808999
2013-10-01,New Zealand,Clothing & Footwear,104.6373872671968
2013-10-01,New Zealand,Department Stores,94.88555962354842
2013-10-01,New Zealand,Nonstore / Online,94.51093405661976
2013-10-01,New Zealand,Supermarkets & Grocery,138.7781770663182
2013-10-01,United States,Building Materials & Garden,103.0894111945723
2013-10-01,United States,Clothing & Footwear,103.0894111945723
2013-10-01,United States,Department Stores,103.0894111945723
2013-10-01,United States,Electronics & Appliances,103.0894111945723
2013-10-01,United States,Nonstore / Online,103.0894111945723
2013-10-01,United States,Supermarkets & Grocery,103.0894111945723
2013-11-01,Australia,Clothing & Footwear,97.15856849062553
2013-11-01,Australia,Department Stores,96.90107653580422
2013-11-01,Australia,Nonstore / Online,95.75019403562467
2013-11-01,Australia,Supermarkets & Grocery,92.55442782985976
2013-11-01,Great Britain,Building Materials & Garden,90.34640701402954
2013-11-01,Great Britain,Clothing & Footwear,87.22656387165834
2013-11-01,Great Britain,Department Stores,85.95192685943044
2013-11-01,Great Britain,Electronics & Appliances,82.06396144235619
2013-11-01,Great Britain,Nonstore/Online,79.35120724472525
2013-11-01,Great Britain,Supermarkets & Grocery,92.24230899067877
2013-11-01,New Zealand,Building Materials & Garden,106.3053343808999
2013-11-01,New Zealand,Clothing & Footwear,104.6373872671968
2013-11-01,New Zealand,Department Stores,94.88555962354842
2013-11-01,New Zealand,Nonstore / Online,94.51093405661976
2013-11-01,New Zealand,Supermarkets & Grocery,138.7781770663182
2013-11-01,United States,Building Materials & Garden,102.3261448994427
2013-11-01,United States,Clothing & Footwear,102.3261448994427
2013-11-01,United States,Department Stores,102.3261448994427
2013-11-01,United States,Electronics & Appliances,102.3261448994427
2013-11-01,United States,Nonstore / Online,102.3261448994427
2013-11-01,United States,Supermarkets & Grocery,102.3261448994427
2013-12-01,Australia,Clothing & Footwear,93.88583637227772
2013-12-01,Australia,Department Stores,97.95511756199456
2013-12-01,Australia,Nonstore / Online,94.0859888031104
2013-12-01,Australia,Supermarkets & Grocery,95.11219055382824
2013-12-01,Great Britain,Building Materials & Garden,110.47608291503175
2013-12-01,Great Britain,Clothing & Footwear,109.8388919
2013-12-01,Great Britain,Department Stores,110.04729760615128
2013-12-01,Great Britain,Electronics & Appliances,105.27054732781728
2013-12-01,Great Britain,Nonstore/Online,99.01879295
2013-12-01,Great Britain,Supermarkets & Grocery,116.64161459849274
2013-12-01,New Zealand,Building Materials & Garden,106.3053343808999
2013-12-01,New Zealand,Clothing & Footwear,104.6373872671968
2013-12-01,New Zealand,Department Stores,94.88555962354842
2013-12-01,New Zealand,Nonstore / Online,94.51093405661976
2013-12-01,New Zealand,Supermarkets & Grocery,138.7781770663182
2013-12-01,United States,Building Materials & Garden,101.2478798158469
2013-12-01,United States,Clothing & Footwear,101.2478798158469
2013-12-01,United States,Department Stores,101.2478798158469
2013-12-01,United States,Electronics & Appliances,101.2478798158469
2013-12-01,United States,Nonstore / Online,101.2478798158469
2013-12-01,United States,Supermarkets & Grocery,101.2478798158469
2014-01-01,Australia,Clothing & Footwear,94.49880737164251
2014-01-01,Australia,Department Stores,98.53355471051366
2014-01-01,Australia,Nonstore / Online,94.57649139795672
2014-01-01,Australia,Supermarkets & Grocery,96.0863838631548
2014-01-01,Great Britain,Building Materials & Garden,113.3207898535206
2014-01-01,Great Britain,Clothing & Footwear,109.594989
2014-01-01,Great Britain,Department Stores,108.68320338155708
2014-01-01,Great Britain,Electronics & Appliances,109.39916794065452
2014-01-01,Great Britain,Nonstore/Online,94.81058107070042
2014-01-01,Great Britain,Supermarkets & Grocery,115.57477087607136
2014-01-01,New Zealand,Building Materials & Garden,108.3668515543464
2014-01-01,New Zealand,Clothing & Footwear,101.986231922728
2014-01-01,New Zealand,Department Stores,96.58363468924776
2014-01-01,New Zealand,Nonstore / Online,91.33751483302257
2014-01-01,New Zealand,Supermarkets & Grocery,137.5799601648207
2014-01-01,United States,Building Materials & Garden,101.6234552944027
2014-01-01,United States,Clothing & Footwear,101.6234552944027
2014-01-01,United States,Department Stores,101.6234552944027
2014-01-01,United States,Electronics & Appliances,101.6234552944027
2014-01-01,United States,Nonstore / Online,101.6234552944027
2014-01-01,United States,Supermarkets & Grocery,101.6234552944027
2014-02-01,Australia,Clothing & Footwear,95.44224969240402
2014-02-01,Australia,Department Stores,96.56686840554872
2014-02-01,Australia,Nonstore / Online,96.08303508212754
2014-02-01,Australia,Supermarkets & Grocery,95.17585671408504
2014-02-01,Great Britain,Building Materials & Garden,91.91850578391224
2014-02-01,Great Britain,Clothing & Footwear,86.44407931221606
2014-02-01,Great Britain,Department Stores,87.03653999625065
2014-02-01,Great Britain,Electronics & Appliances,85.59227607543146
2014-02-01,Great Britain,Nonstore/Online,85.83323419786156
2014-02-01,Great Britain,Supermarkets & Grocery,92.10367104383516
2014-02-01,New Zealand,Building Materials & Garden,108.3668515543464
2014-02-01,New Zealand,Clothing & Footwear,101.986231922728
2014-02-01,New Zealand,Department Stores,96.58363468924776
2014-02-01,New Zealand,Nonstore / Online,91.33751483302257
2014-02-01,New Zealand,Supermarkets & Grocery,137.5799601648207
2014-02-01,United States,Building Materials & Garden,101.926338744851
2014-02-01,United States,Clothing & Footwear,101.926338744851
2014-02-01,United States,Department Stores,101.926338744851
2014-02-01,United States,Electronics & Appliances,101.926338744851
2014-02-01,United States,Nonstore / Online,101.926338744851
2014-02-01,United States,Supermarkets & Grocery,101.926338744851
2014-03-01,Australia,Clothing & Footwear,94.26427933710292
2014-03-01,Australia,Department Stores,95.06935889882708
2014-03-01,Australia,Nonstore / Online,95.21297690793584
2014-03-01,Australia,Supermarkets & Grocery,95.53663162220704
2014-03-01,Great Britain,Building Materials & Garden,116.60253122498337
2014-03-01,Great Britain,Clothing & Footwear,112.89291096609372
2014-03-01,Great Britain,Department Stores,109.82892409034324
2014-03-01,Great Britain,Electronics & Appliances,107.41750872647266
2014-03-01,Great Britain,Nonstore/Online,102.3173267129263
2014-03-01,Great Britain,Supermarkets & Grocery,114.65879530111106
2014-03-01,New Zealand,Building Materials & Garden,108.3668515543464
2014-03-01,New Zealand,Clothing & Footwear,101.986231922728
2014-03-01,New Zealand,Department Stores,96.58363468924776
2014-03-01,New Zealand,Nonstore / Online,91.33751483302257
2014-03-01,New Zealand,Supermarkets & Grocery,137.5799601648207
2014-03-01,United States,Building Materials & Garden,102.4230676035861
2014-03-01,United States,Clothing & Footwear,102.4230676035861
2014-03-01,United States,Department Stores,102.4230676035861
2014-03-01,United States,Electronics & Appliances,102.4230676035861
2014-03-01,United States,Nonstore / Online,102.4230676035861
2014-03-01,United States,Supermarkets & Grocery,102.4230676035861
2014-04-01,Australia,Clothing & Footwear,93.70461016376986
2014-04-01,Australia,Department Stores,98.80349204648924
2014-04-01,Australia,Nonstore / Online,95.53705897953074
2014-04-01,Australia,Supermarkets & Grocery,95.57402285918324
2014-04-01,Great Britain,Building Materials & Garden,90.04074004934284
2014-04-01,Great Britain,Clothing & Footwear,89.75287630540765
2014-04-01,Great Britain,Department Stores,88.90566924172636
2014-04-01,Great Britain,Electronics & Appliances,86.10046709743338
2014-04-01,Great Britain,Nonstore/Online,85.49846318601469
2014-04-01,Great Britain,Supermarkets & Grocery,92.66931386695704
2014-04-01,New Zealand,Building Materials & Garden,109.9288201977086
2014-04-01,New Zealand,Clothing & Footwear,100.948823309675
2014-04-01,New Zealand,Department Stores,96.92504660721906
2014-04-01,New Zealand,Nonstore / Online,90.03559925411088
2014-04-01,New Zealand,Supermarkets & Grocery,138.6959774899622
2014-04-01,United States,Building Materials & Garden,102.0353767870124
2014-04-01,United States,Clothing & Footwear,102.0353767870124
2014-04-01,United States,Department Stores,102.0353767870124
2014-04-01,United States,Electronics & Appliances,102.0353767870124
2014-04-01,United States,Nonstore / Online,102.0353767870124
2014-04-01,United States,Supermarkets & Grocery,102.0353767870124
2014-05-01,Australia,Clothing & Footwear,92.29211177392918
2014-05-01,Australia,Department Stores,96.11697284558944
2014-05-01,Australia,Nonstore / Online,95.20421793302788
2014-05-01,Australia,Supermarkets & Grocery,95.90549112210766
2014-05-01,Great Britain,Building Materials & Garden,92.72823963180808
2014-05-01,Great Britain,Clothing & Footwear,90.18941815779723
2014-05-01,Great Britain,Department Stores,88.63199911022046
2014-05-01,Great Britain,Electronics & Appliances,85.36336186936211
2014-05-01,Great Britain,Nonstore/Online,88.97705677176016
2014-05-01,Great Britain,Supermarkets & Grocery,91.69664901798352
2014-05-01,New Zealand,Building Materials & Garden,109.9288201977086
2014-05-01,New Zealand,Clothing & Footwear,100.948823309675
2014-05-01,New Zealand,Department Stores,96.92504660721906
2014-05-01,New Zealand,Nonstore / Online,90.03559925411088
2014-05-01,New Zealand,Supermarkets & Grocery,138.6959774899622
2014-05-01,United States,Building Materials & Garden,100.5088441967531
2014-05-01,United States,Clothing & Footwear,100.5088441967531
2014-05-01,United States,Department Stores,100.5088441967531
2014-05-01,United States,Electronics & Appliances,100.5088441967531
2014-05-01,United States,Nonstore / Online,100.5088441967531
2014-05-01,United States,Supermarkets & Grocery,100.5088441967531
2014-06-01,Australia,Clothing & Footwear,92.9210733211035
2014-06-01,Australia,Department Stores,95.39713994965456
2014-06-01,Australia,Nonstore / Online,95.4115136725165
2014-06-01,Australia,Supermarkets & Grocery,96.67352734107882
2014-06-01,Great Britain,Building Materials & Garden,118.28255249184122
2014-06-01,Great Britain,Clothing & Footwear,112.6986524126982
2014-06-01,Great Britain,Department Stores,110.88881290367873
2014-06-01,Great Britain,Electronics & Appliances,110.22400876910643
2014-06-01,Great Britain,Nonstore/Online,106.6519015544806
2014-06-01,Great Britain,Supermarkets & Grocery,115.45204168307102
2014-06-01,New Zealand,Building Materials & Garden,109.9288201977086
2014-06-01,New Zealand,Clothing & Footwear,100.948823309675
2014-06-01,New Zealand,Department Stores,96.92504660721906
2014-06-01,New Zealand,Nonstore / Online,90.03559925411088
2014-06-01,New Zealand,Supermarkets & Grocery,138.6959774899622
2014-06-01,United States,Building Materials & Garden,99.49115580324693
2014-06-01,United States,Clothing & Footwear,99.49115580324693
2014-06-01,United States,Department Stores,99.49115580324693
2014-06-01,United States,Electronics & Appliances,99.49115580324693
2014-06-01,United States,Nonstore / Online,99.49115580324693
2014-06-01,United States,Supermarkets & Grocery,99.49115580324693
2014-07-01,Australia,Clothing & Footwear,93.45409158142076
2014-07-01,Australia,Department Stores,99.03486690589688
2014-07-01,Australia,Nonstore / Online,95.61880941200512
2014-07-01,Australia,Supermarkets & Grocery,97.05249258070276
2014-07-01,Great Britain,Building Materials & Garden,94.60940867
2014-07-01,Great Britain,Clothing & Footwear,89.88023957612249
2014-07-01,Great Britain,Department Stores,88.17023166
2014-07-01,Great Britain,Electronics & Appliances,86.58613040817002
2014-07-01,Great Britain,Nonstore/Online,84.06656087600388
2014-07-01,Great Britain,Supermarkets & Grocery,93.03883838250692
2014-07-01,New Zealand,Building Materials & Garden,112.4898859012395
2014-07-01,New Zealand,Clothing & Footwear,102.1655371151075
2014-07-01,New Zealand,Department Stores,98.58718357628985
2014-07-01,New Zealand,Nonstore / Online,93.00559416850314
2014-07-01,New Zealand,Supermarkets & Grocery,140.4980451254597
2014-07-01,United States,Building Materials & Garden,100.4603828446814
2014-07-01,United States,Clothing & Footwear,100.4603828446814
2014-07-01,United States,Department Stores,100.4603828446814
2014-07-01,United States,Electronics & Appliances,100.4603828446814
2014-07-01,United States,Nonstore / Online,100.4603828446814
2014-07-01,United States,Supermarkets & Grocery,100.4603828446814
2014-08-01,Australia,Clothing & Footwear,94.43484518040448
2014-08-01,Australia,Department Stores,94.95367146912326
2014-08-01,Australia,Nonstore / Online,97.06112061351752
2014-08-01,Australia,Supermarkets & Grocery,97.44358470799465
2014-08-01,Great Britain,Building Materials & Garden,92.85030474051015
2014-08-01,Great Britain,Clothing & Footwear,92.56530618764012
2014-08-01,Great Britain,Department Stores,90.12448955961774
2014-08-01,Great Britain,Electronics & Appliances,89.24362096030957
2014-08-01,Great Britain,Nonstore/Online,83.54551962296156
2014-08-01,Great Britain,Supermarkets & Grocery,92.44304724466772
2014-08-01,New Zealand,Building Materials & Garden,112.4898859012395
2014-08-01,New Zealand,Clothing & Footwear,102.1655371151075
2014-08-01,New Zealand,Department Stores,98.58718357628985
2014-08-01,New Zealand,Nonstore / Online,93.00559416850314
2014-08-01,New Zealand,Supermarkets & Grocery,140.4980451254597
2014-08-01,United States,Building Materials & Garden,101.3569178580082
2014-08-01,United States,Clothing & Footwear,101.3569178580082
2014-08-01,United States,Department Stores,101.3569178580082
2014-08-01,United States,Electronics & Appliances,101.3569178580082
2014-08-01,United States,Nonstore / Online,101.3569178580082
2014-08-01,United States,Supermarkets & Grocery,101.3569178580082
2014-09-01,Australia,Clothing & Footwear,95.07979727538832
2014-09-01,Australia,Department Stores,97.75587809972689
2014-09-01,Australia,Nonstore / Online,96.60565391830308
2014-09-01,Australia,Supermarkets & Grocery,97.66490040793502
2014-09-01,Great Britain,Building Materials & Garden,117.26788942696078
2014-09-01,Great Britain,Clothing & Footwear,108.80371185692532
2014-09-01,Great Britain,Department Stores,111.46572612247536
2014-09-01,Great Britain,Electronics & Appliances,109.36057021459872
2014-09-01,Great Britain,Nonstore/Online,106.48337535984946
2014-09-01,Great Britain,Supermarkets & Grocery,115.41014573063258
2014-09-01,New Zealand,Building Materials & Garden,112.4898859012395
2014-09-01,New Zealand,Clothing & Footwear,102.1655371151075
2014-09-01,New Zealand,Department Stores,98.58718357628985
2014-09-01,New Zealand,Nonstore / Online,93.00559416850314
2014-09-01,New Zealand,Supermarkets & Grocery,140.4980451254597
2014-09-01,United States,Building Materials & Garden,103.0894111945723
2014-09-01,United States,Clothing & Footwear,103.0894111945723
2014-09-01,United States,Department Stores,103.0894111945723
2014-09-01,United States,Electronics & Appliances,103.0894111945723
2014-09-01,United States,Nonstore / Online,103.0894111945723
2014-09-01,United States,Supermarkets & Grocery,103.0894111945723
2014-10-01,Australia,Clothing & Footwear,96.02323959614982
2014-10-01,Australia,Department Stores,97.2995554603396
2014-10-01,Australia,Nonstore / Online,97.6625702238648
2014-10-01,Australia,Supermarkets & Grocery,98.08732032836916
2014-10-01,Great Britain,Building Materials & Garden,94.26733897432788
2014-10-01,Great Britain,Clothing & Footwear,89.50637670112546
2014-10-01,Great Britain,Department Stores,90.49505831220591
2014-10-01,Great Britain,Electronics & Appliances,89.83308988621744
2014-10-01,Great Britain,Nonstore/Online,84.83390639445093
2014-10-01,Great Britain,Supermarkets & Grocery,92.73035412
2014-10-01,New Zealand,Building Materials & Garden,114.1714647560303
2014-10-01,New Zealand,Clothing & Footwear,104.7398473771279
2014-10-01,New Zealand,Department Stores,100.2403360212035
2014-10-01,New Zealand,Nonstore / Online,105.3737921681641
2014-10-01,New Zealand,Supermarkets & Grocery,139.9131635244649
2014-10-01,United States,Building Materials & Garden,102.7017203779985
2014-10-01,United States,Clothing & Footwear,102.7017203779985
2014-10-01,United States,Department Stores,102.7017203779985
2014-10-01,United States,Electronics & Appliances,102.7017203779985
2014-10-01,United States,Nonstore / Online,102.7017203779985
2014-10-01,United States,Supermarkets & Grocery,102.7017203779985
2014-11-01,Australia,Clothing & Footwear,94.99984453634072
2014-11-01,Australia,Department Stores,98.32146108938998
2014-11-01,Australia,Nonstore / Online,95.3793974311873
2014-11-01,Australia,Supermarkets & Grocery,98.43900007074016
2014-11-01,Great Britain,Building Materials & Garden,95.49285552313734
2014-11-01,Great Britain,Clothing & Footwear,90.74489067032547
2014-11-01,Great Britain,Department Stores,91.08285319433264
2014-11-01,Great Britain,Electronics & Appliances,88.00489374630548
2014-11-01,Great Britain,Nonstore/Online,84.67982892345076
2014-11-01,Great Britain,Supermarkets & Grocery,92.91038963255544
2014-11-01,New Zealand,Building Materials & Garden,114.1714647560303
2014-11-01,New Zealand,Clothing & Footwear,104.7398473771279
2014-11-01,New Zealand,Department Stores,100.2403360212035
2014-11-01,New Zealand,Nonstore / Online,105.3737921681641
2014-11-01,New Zealand,Supermarkets & Grocery,139.9131635244649
2014-11-01,United States,Building Materials & Garden,106.5422825296826
2014-11-01,United States,Clothing & Footwear,106.5422825296826
2014-11-01,United States,Department Stores,106.5422825296826
2014-11-01,United States,Electronics & Appliances,106.5422825296826
2014-11-01,United States,Nonstore / Online,106.5422825296826
2014-11-01,United States,Supermarkets & Grocery,106.5422825296826
2014-12-01,Australia,Clothing & Footwear,97.44106816859366
2014-12-01,Australia,Department Stores,98.1864924214022
2014-12-01,Australia,Nonstore / Online,96.4830282695915
2014-12-01,Australia,Supermarkets & Grocery,98.4561798282698
2014-12-01,Great Britain,Building Materials & Garden,126.46996503800165
2014-12-01,Great Britain,Clothing & Footwear,116.36964031380882
2014-12-01,Great Britain,Department Stores,112.36860807919088
2014-12-01,Great Britain,Electronics & Appliances,114.07799171577749
2014-12-01,Great Britain,Nonstore/Online,113.87960094061756
2014-12-01,Great Britain,Supermarkets & Grocery,116.28215270596058
2014-12-01,New Zealand,Building Materials & Garden,114.1714647560303
2014-12-01,New Zealand,Clothing & Footwear,104.7398473771279
2014-12-01,New Zealand,Department Stores,100.2403360212035
2014-12-01,New Zealand,Nonstore / Online,105.3737921681641
2014-12-01,New Zealand,Supermarkets & Grocery,139.9131635244649
2014-12-01,United States,Building Materials & Garden,104.6886358129392
2014-12-01,United States,Clothing & Footwear,104.6886358129392
2014-12-01,United States,Department Stores,104.6886358129392
2014-12-01,United States,Electronics & Appliances,104.6886358129392
2014-12-01,United States,Nonstore / Online,104.6886358129392
2014-12-01,United States,Supermarkets & Grocery,104.6886358129392
2015-01-01,Australia,Clothing & Footwear,97.5316812728476
2015-01-01,Australia,Department Stores,99.61973113384396
2015-01-01,Australia,Nonstore / Online,97.33556849396724
2015-01-01,Australia,Supermarkets & Grocery,98.23991699819108
2015-01-01,Great Britain,Building Materials & Garden,92.42557261506344
2015-01-01,Great Britain,Clothing & Footwear,90.79756877724812
2015-01-01,Great Britain,Department Stores,90.43180402
2015-01-01,Great Britain,Electronics & Appliances,90.54195197051132
2015-01-01,Great Britain,Nonstore/Online,91.23232509008538
2015-01-01,Great Britain,Supermarkets & Grocery,92.23788681594066
2015-01-01,New Zealand,Building Materials & Garden,121.1721800720007
2015-01-01,New Zealand,Clothing & Footwear,105.1496878168526
2015-01-01,New Zealand,Department Stores,102.6212349228454
2015-01-01,New Zealand,Nonstore / Online,113.998982878454
2015-01-01,New Zealand,Supermarkets & Grocery,143.4445837856067
2015-01-01,United States,Building Materials & Garden,103.0409498425006
2015-01-01,United States,Clothing & Footwear,103.0409498425006
2015-01-01,United States,Department Stores,103.0409498425006
2015-01-01,United States,Electronics & Appliances,103.0409498425006
2015-01-01,United States,Nonstore / Online,103.0409498425006
2015-01-01,United States,Supermarkets & Grocery,103.0409498425006
2015-02-01,Australia,Clothing & Footwear,97.83550168122842
2015-02-01,Australia,Department Stores,95.84060843018588
2015-02-01,Australia,Nonstore / Online,99.23334639069408
2015-02-01,Australia,Supermarkets & Grocery,99.1221480760356
2015-02-01,Great Britain,Building Materials & Garden,94.09377055767897
2015-02-01,Great Britain,Clothing & Footwear,92.78964448
2015-02-01,Great Britain,Department Stores,92.59799526943746
2015-02-01,Great Britain,Electronics & Appliances,90.28509152624966
2015-02-01,Great Britain,Nonstore/Online,88.91212201
2015-02-01,Great Britain,Supermarkets & Grocery,91.79382611008204
2015-02-01,New Zealand,Building Materials & Garden,121.1721800720007
2015-02-01,New Zealand,Clothing & Footwear,105.1496878168526
2015-02-01,New Zealand,Department Stores,102.6212349228454
2015-02-01,New Zealand,Nonstore / Online,113.998982878454
2015-02-01,New Zealand,Supermarkets & Grocery,143.4445837856067
2015-02-01,United States,Building Materials & Garden,101.4780712381876
2015-02-01,United States,Clothing & Footwear,101.4780712381876
2015-02-01,United States,Department Stores,101.4780712381876
2015-02-01,United States,Electronics & Appliances,101.4780712381876
2015-02-01,United States,Nonstore / Online,101.4780712381876
2015-02-01,United States,Supermarkets & Grocery,101.4780712381876
2015-03-01,Australia,Clothing & Footwear,99.85564088783076
2015-03-01,Australia,Department Stores,100.3074286326389
2015-03-01,Australia,Nonstore / Online,98.47423523200334
2015-03-01,Australia,Supermarkets & Grocery,98.94024476101607
2015-03-01,Great Britain,Building Materials & Garden,115.47369367077788
2015-03-01,Great Britain,Clothing & Footwear,115.00132070192832
2015-03-01,Great Britain,Department Stores,113.61489164262966
2015-03-01,Great Britain,Electronics & Appliances,117.00032204977676
2015-03-01,Great Britain,Nonstore/Online,113.1911741816518
2015-03-01,Great Britain,Supermarkets & Grocery,114.93767710083016
2015-03-01,New Zealand,Building Materials & Garden,121.1721800720007
2015-03-01,New Zealand,Clothing & Footwear,105.1496878168526
2015-03-01,New Zealand,Department Stores,102.6212349228454
2015-03-01,New Zealand,Nonstore / Online,113.998982878454
2015-03-01,New Zealand,Supermarkets & Grocery,143.4445837856067
2015-03-01,United States,Building Materials & Garden,98.82481221226072
2015-03-01,United States,Clothing & Footwear,98.82481221226072
2015-03-01,United States,Department Stores,98.82481221226072
2015-03-01,United States,Electronics & Appliances,98.82481221226072
2015-03-01,United States,Nonstore / Online,98.82481221226072
2015-03-01,United States,Supermarkets & Grocery,98.82481221226072
2015-04-01,Australia,Clothing & Footwear,101.4760163991951
2015-04-01,Australia,Department Stores,98.66209629907344
2015-04-01,Australia,Nonstore / Online,97.9574557124331
2015-04-01,Australia,Supermarkets & Grocery,99.22017375135164
2015-04-01,Great Britain,Building Materials & Garden,92.93190836646406
2015-04-01,Great Britain,Clothing & Footwear,94.55324271262086
2015-04-01,Great Britain,Department Stores,91.07678315
2015-04-01,Great Britain,Electronics & Appliances,91.97552347
2015-04-01,Great Britain,Nonstore/Online,92.18530713377918
2015-04-01,Great Britain,Supermarkets & Grocery,91.88425523
2015-04-01,New Zealand,Building Materials & Garden,118.5266836309908
2015-04-01,New Zealand,Clothing & Footwear,105.2649554405251
2015-04-01,New Zealand,Department Stores,102.4505289638597
2015-04-01,New Zealand,Nonstore / Online,120.7119850822173
2015-04-01,New Zealand,Supermarkets & Grocery,143.4540683521093
2015-04-01,United States,Building Materials & Garden,100.4240368306276
2015-04-01,United States,Clothing & Footwear,100.4240368306276
2015-04-01,United States,Department Stores,100.4240368306276
2015-04-01,United States,Electronics & Appliances,100.4240368306276
2015-04-01,United States,Nonstore / Online,100.4240368306276
2015-04-01,United States,Supermarkets & Grocery,100.4240368306276
2015-05-01,Australia,Clothing & Footwear,100.0688481919576
2015-05-01,Australia,Department Stores,97.74945102029888
2015-05-01,Australia,Nonstore / Online,98.35744889989708
2015-05-01,Australia,Supermarkets & Grocery,99.6193504704222
2015-05-01,Great Britain,Building Materials & Garden,94.04385545746622
2015-05-01,Great Britain,Clothing & Footwear,92.46336929
2015-05-01,Great Britain,Department Stores,90.79045475791168
2015-05-01,Great Britain,Electronics & Appliances,92.41104685476316
2015-05-01,Great Britain,Nonstore/Online,90.44195456
2015-05-01,Great Britain,Supermarkets & Grocery,92.30136361
2015-05-01,New Zealand,Building Materials & Garden,118.5266836309908
2015-05-01,New Zealand,Clothing & Footwear,105.2649554405251
2015-05-01,New Zealand,Department Stores,102.4505289638597
2015-05-01,New Zealand,Nonstore / Online,120.7119850822173
2015-05-01,New Zealand,Supermarkets & Grocery,143.4540683521093
2015-05-01,United States,Building Materials & Garden,100.8844196753089
2015-05-01,United States,Clothing & Footwear,100.8844196753089
2015-05-01,United States,Department Stores,100.8844196753089
2015-05-01,United States,Electronics & Appliances,100.8844196753089
2015-05-01,United States,Nonstore / Online,100.8844196753089
2015-05-01,United States,Supermarkets & Grocery,100.8844196753089
2015-06-01,Australia,Clothing & Footwear,97.13191757760966
2015-06-01,Australia,Department Stores,97.19672218949177
2015-06-01,Australia,Nonstore / Online,100.2785840630451
2015-06-01,Australia,Supermarkets & Grocery,99.88311027720044
2015-06-01,Great Britain,Building Materials & Garden,115.17226192671532
2015-06-01,Great Britain,Clothing & Footwear,117.73957960394026
2015-06-01,Great Britain,Department Stores,113.94541291316624
2015-06-01,Great Britain,Electronics & Appliances,115.22323078369064
2015-06-01,Great Britain,Nonstore/Online,116.64564431361578
2015-06-01,Great Britain,Supermarkets & Grocery,115.59784687555457
2015-06-01,New Zealand,Building Materials & Garden,118.5266836309908
2015-06-01,New Zealand,Clothing & Footwear,105.2649554405251
2015-06-01,New Zealand,Department Stores,102.4505289638597
2015-06-01,New Zealand,Nonstore / Online,120.7119850822173
2015-06-01,New Zealand,Supermarkets & Grocery,143.4540683521093
2015-06-01,United States,Building Materials & Garden,101.6961473225103
2015-06-01,United States,Clothing & Footwear,101.6961473225103
2015-06-01,United States,Department Stores,101.6961473225103
2015-06-01,United States,Electronics & Appliances,101.6961473225103
2015-06-01,United States,Nonstore / Online,101.6961473225103
2015-06-01,United States,Supermarkets & Grocery,101.6961473225103
2015-07-01,Australia,Clothing & Footwear,101.2041770864333
2015-07-01,Australia,Department Stores,101.9913234427722
2015-07-01,Australia,Nonstore / Online,99.344293406195
2015-07-01,Australia,Supermarkets & Grocery,99.92959667992764
2015-07-01,Great Britain,Building Materials & Garden,91.86609492868884
2015-07-01,Great Britain,Clothing & Footwear,91.39371321029935
2015-07-01,Great Britain,Department Stores,93.01024005
2015-07-01,Great Britain,Electronics & Appliances,95.13062778737516
2015-07-01,Great Britain,Nonstore/Online,96.15862163682986
2015-07-01,Great Britain,Supermarkets & Grocery,92.08315025
2015-07-01,New Zealand,Building Materials & Garden,118.4633605778815
2015-07-01,New Zealand,Clothing & Footwear,106.9043171994237
2015-07-01,New Zealand,Department Stores,103.9958671188877
2015-07-01,New Zealand,Nonstore / Online,130.069503305645
2015-07-01,New Zealand,Supermarkets & Grocery,144.0168192979313
2015-07-01,United States,Building Materials & Garden,99.83038526774897
2015-07-01,United States,Clothing & Footwear,99.83038526774897
2015-07-01,United States,Department Stores,99.83038526774897
2015-07-01,United States,Electronics & Appliances,99.83038526774897
2015-07-01,United States,Nonstore / Online,99.83038526774897
2015-07-01,United States,Supermarkets & Grocery,99.83038526774897
2015-08-01,Australia,Clothing & Footwear,100.3353573221163
2015-08-01,Australia,Department Stores,102.1905629050399
2015-08-01,Australia,Nonstore / Online,100.8887926483004
2015-08-01,Australia,Supermarkets & Grocery,100.2337794455991
2015-08-01,Great Britain,Building Materials & Garden,91.93121144578458
2015-08-01,Great Britain,Clothing & Footwear,93.43733581609727
2015-08-01,Great Britain,Department Stores,91.68611928486746
2015-08-01,Great Britain,Electronics & Appliances,90.75193844553412
2015-08-01,Great Britain,Nonstore/Online,91.3997106
2015-08-01,Great Britain,Supermarkets & Grocery,91.36516786256894
2015-08-01,New Zealand,Building Materials & Garden,118.4633605778815
2015-08-01,New Zealand,Clothing & Footwear,106.9043171994237
2015-08-01,New Zealand,Department Stores,103.9958671188877
2015-08-01,New Zealand,Nonstore / Online,130.069503305645
2015-08-01,New Zealand,Supermarkets & Grocery,144.0168192979313
2015-08-01,United States,Building Materials & Garden,99.85461594378484
2015-08-01,United States,Clothing & Footwear,99.85461594378484
2015-08-01,United States,Department Stores,99.85461594378484
2015-08-01,United States,Electronics & Appliances,99.85461594378484
2015-08-01,United States,Nonstore / Online,99.85461594378484
2015-08-01,United States,Supermarkets & Grocery,99.85461594378484
2015-09-01,Australia,Clothing & Footwear,101.0496017909413
2015-09-01,Australia,Department Stores,99.24053344759254
2015-09-01,Australia,Nonstore / Online,102.3457021413261
2015-09-01,Australia,Supermarkets & Grocery,100.4025452989783
2015-09-01,Great Britain,Building Materials & Garden,116.07053205337236
2015-09-01,Great Britain,Clothing & Footwear,114.66306503927282
2015-09-01,Great Britain,Department Stores,115.87050499862532
2015-09-01,Great Britain,Electronics & Appliances,117.18926534145952
2015-09-01,Great Britain,Nonstore/Online,117.9473391200284
2015-09-01,Great Britain,Supermarkets & Grocery,117.48113955329352
2015-09-01,New Zealand,Building Materials & Garden,118.4633605778815
2015-09-01,New Zealand,Clothing & Footwear,106.9043171994237
2015-09-01,New Zealand,Department Stores,103.9958671188877
2015-09-01,New Zealand,Nonstore / Online,130.069503305645
2015-09-01,New Zealand,Supermarkets & Grocery,144.0168192979313
2015-09-01,United States,Building Materials & Garden,100.0121153380179
2015-09-01,United States,Clothing & Footwear,100.0121153380179
2015-09-01,United States,Department Stores,100.0121153380179
2015-09-01,United States,Electronics & Appliances,100.0121153380179
2015-09-01,United States,Nonstore / Online,100.0121153380179
2015-09-01,United States,Supermarkets & Grocery,100.0121153380179
2015-10-01,Australia,Clothing & Footwear,100.6711588261161
2015-10-01,Australia,Department Stores,102.4155106850196
2015-10-01,Australia,Nonstore / Online,102.2435141007331
2015-10-01,Australia,Supermarkets & Grocery,101.1816978316451
2015-10-01,Great Britain,Building Materials & Garden,92.86722041336006
2015-10-01,Great Britain,Clothing & Footwear,91.10792998113784
2015-10-01,Great Britain,Department Stores,93.39350408
2015-10-01,Great Britain,Electronics & Appliances,92.15841731508836
2015-10-01,Great Britain,Nonstore/Online,93.60711224
2015-10-01,Great Britain,Supermarkets & Grocery,91.82614991326624
2015-10-01,New Zealand,Building Materials & Garden,128.5739413909964
2015-10-01,New Zealand,Clothing & Footwear,108.4412188483911
2015-10-01,New Zealand,Department Stores,106.2419981581725
2015-10-01,New Zealand,Nonstore / Online,140.6475673843024
2015-10-01,New Zealand,Supermarkets & Grocery,143.792351224036
2015-10-01,United States,Building Materials & Garden,98.78846619820692
2015-10-01,United States,Clothing & Footwear,98.78846619820692
2015-10-01,United States,Department Stores,98.78846619820692
2015-10-01,United States,Electronics & Appliances,98.78846619820692
2015-10-01,United States,Nonstore / Online,98.78846619820692
2015-10-01,United States,Supermarkets & Grocery,98.78846619820692
2015-11-01,Australia,Clothing & Footwear,100.6125268174812
2015-11-01,Australia,Department Stores,102.2869690964598
2015-11-01,Australia,Nonstore / Online,101.8084850136372
2015-11-01,Australia,Supermarkets & Grocery,101.352484832969
2015-11-01,Great Britain,Building Materials & Garden,90.92756499645616
2015-11-01,Great Britain,Clothing & Footwear,91.58928293180274
2015-11-01,Great Britain,Department Stores,95.03970727585394
2015-11-01,Great Britain,Electronics & Appliances,91.87383331182316
2015-11-01,Great Britain,Nonstore/Online,93.97238610918583
2015-11-01,Great Britain,Supermarkets & Grocery,92.49927768838609
2015-11-01,New Zealand,Building Materials & Garden,128.5739413909964
2015-11-01,New Zealand,Clothing & Footwear,108.4412188483911
2015-11-01,New Zealand,Department Stores,106.2419981581725
2015-11-01,New Zealand,Nonstore / Online,140.6475673843024
2015-11-01,New Zealand,Supermarkets & Grocery,143.792351224036
2015-11-01,United States,Building Materials & Garden,98.15846862127454
2015-11-01,United States,Clothing & Footwear,98.15846862127454
2015-11-01,United States,Department Stores,98.15846862127454
2015-11-01,United States,Electronics & Appliances,98.15846862127454
2015-11-01,United States,Nonstore / Online,98.15846862127454
2015-11-01,United States,Supermarkets & Grocery,98.15846862127454
2015-12-01,Australia,Clothing & Footwear,102.2275721462424
2015-12-01,Australia,Department Stores,102.4990627175834
2015-12-01,Australia,Nonstore / Online,101.7325738977681
2015-12-01,Australia,Supermarkets & Grocery,101.8749515766638
2015-12-01,Great Britain,Building Materials & Garden,112.1963135681721
2015-12-01,Great Britain,Clothing & Footwear,114.46394745112455
2015-12-01,Great Britain,Department Stores,118.54258255798914
2015-12-01,Great Britain,Electronics & Appliances,115.45875113902726
2015-12-01,Great Britain,Nonstore/Online,114.30630301275956
2015-12-01,Great Britain,Supermarkets & Grocery,115.9922589791655
2015-12-01,New Zealand,Building Materials & Garden,128.5739413909964
2015-12-01,New Zealand,Clothing & Footwear,108.4412188483911
2015-12-01,New Zealand,Department Stores,106.2419981581725
2015-12-01,New Zealand,Nonstore / Online,140.6475673843024
2015-12-01,New Zealand,Supermarkets & Grocery,143.792351224036
2015-12-01,United States,Building Materials & Garden,97.00751150957112
2015-12-01,United States,Clothing & Footwear,97.00751150957112
2015-12-01,United States,Department Stores,97.00751150957112
2015-12-01,United States,Electronics & Appliances,97.00751150957112
2015-12-01,United States,Nonstore / Online,97.00751150957112
2015-12-01,United States,Supermarkets & Grocery,97.00751150957112
2016-01-01,Australia,Clothing & Footwear,103.1976653800198
2016-01-01,Australia,Department Stores,103.6045203791977
2016-01-01,Australia,Nonstore / Online,103.7880133428384
2016-01-01,Australia,Supermarkets & Grocery,101.5717793849647
2016-01-01,Great Britain,Building Materials & Garden,95.07031663694238
2016-01-01,Great Britain,Clothing & Footwear,90.61367102282276
2016-01-01,Great Britain,Department Stores,97.66429785
2016-01-01,Great Britain,Electronics & Appliances,95.58014284313263
2016-01-01,Great Britain,Nonstore/Online,100.0199374078758
2016-01-01,Great Britain,Supermarkets & Grocery,93.47932338
2016-01-01,New Zealand,Building Materials & Garden,128.5317260222569
2016-01-01,New Zealand,Clothing & Footwear,110.6697262393938
2016-01-01,New Zealand,Department Stores,108.1287482311718
2016-01-01,New Zealand,Nonstore / Online,148.3776911340905
2016-01-01,New Zealand,Supermarkets & Grocery,145.4078890516487
2016-01-01,United States,Building Materials & Garden,95.09328810273809
2016-01-01,United States,Clothing & Footwear,95.09328810273809
2016-01-01,United States,Department Stores,95.09328810273809
2016-01-01,United States,Electronics & Appliances,95.09328810273809
2016-01-01,United States,Nonstore / Online,95.09328810273809
2016-01-01,United States,Supermarkets & Grocery,95.09328810273809
2016-02-01,Australia,Clothing & Footwear,104.2530415354479
2016-02-01,Australia,Department Stores,102.3448128113117
2016-02-01,Australia,Nonstore / Online,103.6770663273375
2016-02-01,Australia,Supermarkets & Grocery,101.5707688109923
2016-02-01,Great Britain,Building Materials & Garden,93.09206525
2016-02-01,Great Britain,Clothing & Footwear,89.36680157058228
2016-02-01,Great Britain,Department Stores,96.88970108
2016-02-01,Great Britain,Electronics & Appliances,95.00448002692934
2016-02-01,Great Britain,Nonstore/Online,96.24565196045488
2016-02-01,Great Britain,Supermarkets & Grocery,93.40415431673178
2016-02-01,New Zealand,Building Materials & Garden,128.5317260222569
2016-02-01,New Zealand,Clothing & Footwear,110.6697262393938
2016-02-01,New Zealand,Department Stores,108.1287482311718
2016-02-01,New Zealand,Nonstore / Online,148.3776911340905
2016-02-01,New Zealand,Supermarkets & Grocery,145.4078890516487
2016-02-01,United States,Building Materials & Garden,96.0867458202084
2016-02-01,United States,Clothing & Footwear,96.0867458202084
2016-02-01,United States,Department Stores,96.0867458202084
2016-02-01,United States,Electronics & Appliances,96.0867458202084
2016-02-01,United States,Nonstore / Online,96.0867458202084
2016-02-01,United States,Supermarkets & Grocery,96.0867458202084
2016-03-01,Australia,Clothing & Footwear,105.3350686038919
2016-03-01,Australia,Department Stores,102.0363129987682
2016-03-01,Australia,Nonstore / Online,103.9544338660898
2016-03-01,Australia,Supermarkets & Grocery,101.9527657725333
2016-03-01,Great Britain,Building Materials & Garden,119.06468177674058
2016-03-01,Great Britain,Clothing & Footwear,108.66010038534417
2016-03-01,Great Britain,Department Stores,118.06419650852828
2016-03-01,Great Britain,Electronics & Appliances,114.21096830467933
2016-03-01,Great Britain,Nonstore/Online,124.03565947808634
2016-03-01,Great Britain,Supermarkets & Grocery,116.3375604194951
2016-03-01,New Zealand,Building Materials & Garden,128.5317260222569
2016-03-01,New Zealand,Clothing & Footwear,110.6697262393938
2016-03-01,New Zealand,Department Stores,108.1287482311718
2016-03-01,New Zealand,Nonstore / Online,148.3776911340905
2016-03-01,New Zealand,Supermarkets & Grocery,145.4078890516487
2016-03-01,United States,Building Materials & Garden,94.06348437121396
2016-03-01,United States,Clothing & Footwear,94.06348437121396
2016-03-01,United States,Department Stores,94.06348437121396
2016-03-01,United States,Electronics & Appliances,94.06348437121396
2016-03-01,United States,Nonstore / Online,94.06348437121396
2016-03-01,United States,Supermarkets & Grocery,94.06348437121396
2016-04-01,Australia,Clothing & Footwear,105.5109646297966
2016-04-01,Australia,Department Stores,101.7149590273687
2016-04-01,Australia,Nonstore / Online,104.7398219495045
2016-04-01,Australia,Supermarkets & Grocery,101.3161041699651
2016-04-01,Great Britain,Building Materials & Garden,99.07353288365206
2016-04-01,Great Britain,Clothing & Footwear,88.57123103923979
2016-04-01,Great Britain,Department Stores,96.93537445536936
2016-04-01,Great Britain,Electronics & Appliances,91.76921120629308
2016-04-01,Great Britain,Nonstore/Online,98.51308762499563
2016-04-01,Great Britain,Supermarkets & Grocery,92.64975820335664
2016-04-01,New Zealand,Building Materials & Garden,133.3231703741924
2016-04-01,New Zealand,Clothing & Footwear,112.6676983830514
2016-04-01,New Zealand,Department Stores,110.1862042631567
2016-04-01,New Zealand,Nonstore / Online,157.4911001864723
2016-04-01,New Zealand,Supermarkets & Grocery,148.5978649186962
2016-04-01,United States,Building Materials & Garden,94.17252241337532
2016-04-01,United States,Clothing & Footwear,94.17252241337532
2016-04-01,United States,Department Stores,94.17252241337532
2016-04-01,United States,Electronics & Appliances,94.17252241337532
2016-04-01,United States,Nonstore / Online,94.17252241337532
2016-04-01,United States,Supermarkets & Grocery,94.17252241337532
2016-05-01,Australia,Clothing & Footwear,103.2456370234484
2016-05-01,Australia,Department Stores,100.87943870173
2016-05-01,Australia,Nonstore / Online,105.2069672779296
2016-05-01,Australia,Supermarkets & Grocery,101.7193231849249
2016-05-01,Great Britain,Building Materials & Garden,96.43337701744925
2016-05-01,Great Britain,Clothing & Footwear,89.41102135775016
2016-05-01,Great Britain,Department Stores,98.33333508114396
2016-05-01,Great Britain,Electronics & Appliances,94.21036892652953
2016-05-01,Great Britain,Nonstore/Online,105.25193852828556
2016-05-01,Great Britain,Supermarkets & Grocery,93.40366384296834
2016-05-01,New Zealand,Building Materials & Garden,133.3231703741924
2016-05-01,New Zealand,Clothing & Footwear,112.6676983830514
2016-05-01,New Zealand,Department Stores,110.1862042631567
2016-05-01,New Zealand,Nonstore / Online,157.4911001864723
2016-05-01,New Zealand,Supermarkets & Grocery,148.5978649186962
2016-05-01,United States,Building Materials & Garden,94.4754058638236
2016-05-01,United States,Clothing & Footwear,94.4754058638236
2016-05-01,United States,Department Stores,94.4754058638236
2016-05-01,United States,Electronics & Appliances,94.4754058638236
2016-05-01,United States,Nonstore / Online,94.4754058638236
2016-05-01,United States,Supermarkets & Grocery,94.4754058638236
2016-06-01,Australia,Clothing & Footwear,106.7848782719548
2016-06-01,Australia,Department Stores,101.8499276953565
2016-06-01,Australia,Nonstore / Online,105.3996647259049
2016-06-01,Australia,Supermarkets & Grocery,102.1609440108334
2016-06-01,Great Britain,Building Materials & Garden,122.89238846401528
2016-06-01,Great Britain,Clothing & Footwear,110.34723952086918
2016-06-01,Great Britain,Department Stores,117.11245810420824
2016-06-01,Great Britain,Electronics & Appliances,114.33080682144296
2016-06-01,Great Britain,Nonstore/Online,130.99846559765595
2016-06-01,Great Britain,Supermarkets & Grocery,116.45454632294292
2016-06-01,New Zealand,Building Materials & Garden,133.3231703741924
2016-06-01,New Zealand,Clothing & Footwear,112.6676983830514
2016-06-01,New Zealand,Department Stores,110.1862042631567
2016-06-01,New Zealand,Nonstore / Online,157.4911001864723
2016-06-01,New Zealand,Supermarkets & Grocery,148.5978649186962
2016-06-01,United States,Building Materials & Garden,94.13617639932154
2016-06-01,United States,Clothing & Footwear,94.13617639932154
2016-06-01,United States,Department Stores,94.13617639932154
2016-06-01,United States,Electronics & Appliances,94.13617639932154
2016-06-01,United States,Nonstore / Online,94.13617639932154
2016-06-01,United States,Supermarkets & Grocery,94.13617639932154
2016-07-01,Australia,Clothing & Footwear,106.8381800979865
2016-07-01,Australia,Department Stores,98.90632531733708
2016-07-01,Australia,Nonstore / Online,105.6215587569068
2016-07-01,Australia,Supermarkets & Grocery,102.1104153122168
2016-07-01,Great Britain,Building Materials & Garden,99.92070305670748
2016-07-01,Great Britain,Clothing & Footwear,93.33516754039668
2016-07-01,Great Britain,Department Stores,97.21404126901663
2016-07-01,Great Britain,Electronics & Appliances,94.49562096736108
2016-07-01,Great Britain,Nonstore/Online,105.55257337436106
2016-07-01,Great Britain,Supermarkets & Grocery,93.59783608
2016-07-01,New Zealand,Building Materials & Garden,137.04515871806
2016-07-01,New Zealand,Clothing & Footwear,109.6195101125994
2016-07-01,New Zealand,Department Stores,108.5420363424002
2016-07-01,New Zealand,Nonstore / Online,151.2256314629598
2016-07-01,New Zealand,Supermarkets & Grocery,149.3155304507277
2016-07-01,United States,Building Materials & Garden,94.74194330021808
2016-07-01,United States,Clothing & Footwear,94.74194330021808
2016-07-01,United States,Department Stores,94.74194330021808
2016-07-01,United States,Electronics & Appliances,94.74194330021808
2016-07-01,United States,Nonstore / Online,94.74194330021808
2016-07-01,United States,Supermarkets & Grocery,94.74194330021808
2016-08-01,Australia,Clothing & Footwear,106.513038959193
2016-08-01,Australia,Department Stores,99.29837716244448
2016-08-01,Australia,Nonstore / Online,104.5617227930424
2016-08-01,Australia,Supermarkets & Grocery,103.1310950242706
2016-08-01,Great Britain,Building Materials & Garden,96.91059562705908
2016-08-01,Great Britain,Clothing & Footwear,90.48317123232044
2016-08-01,Great Britain,Department Stores,97.69383379196914
2016-08-01,Great Britain,Electronics & Appliances,89.86960927317791
2016-08-01,Great Britain,Nonstore/Online,109.21426862155836
2016-08-01,Great Britain,Supermarkets & Grocery,94.61409771507064
2016-08-01,New Zealand,Building Materials & Garden,137.04515871806
2016-08-01,New Zealand,Clothing & Footwear,109.6195101125994
2016-08-01,New Zealand,Department Stores,108.5420363424002
2016-08-01,New Zealand,Nonstore / Online,151.2256314629598
2016-08-01,New Zealand,Supermarkets & Grocery,149.3155304507277
2016-08-01,United States,Building Materials & Garden,95.59001696147322
2016-08-01,United States,Clothing & Footwear,95.59001696147322
2016-08-01,United States,Department Stores,95.59001696147322
2016-08-01,United States,Electronics & Appliances,95.59001696147322
2016-08-01,United States,Nonstore / Online,95.59001696147322
2016-08-01,United States,Supermarkets & Grocery,95.59001696147322
2016-09-01,Australia,Clothing & Footwear,107.0780383151293
2016-09-01,Australia,Department Stores,98.91917947619304
2016-09-01,Australia,Nonstore / Online,105.7996579133688
2016-09-01,Australia,Supermarkets & Grocery,103.5161237077285
2016-09-01,Great Britain,Building Materials & Garden,123.65286266250924
2016-09-01,Great Britain,Clothing & Footwear,111.24071060426704
2016-09-01,Great Britain,Department Stores,123.9402947067802
2016-09-01,Great Britain,Electronics & Appliances,113.30993408046533
2016-09-01,Great Britain,Nonstore/Online,142.2334044139654
2016-09-01,Great Britain,Supermarkets & Grocery,118.8533981238627
2016-09-01,New Zealand,Building Materials & Garden,137.04515871806
2016-09-01,New Zealand,Clothing & Footwear,109.6195101125994
2016-09-01,New Zealand,Department Stores,108.5420363424002
2016-09-01,New Zealand,Nonstore / Online,151.2256314629598
2016-09-01,New Zealand,Supermarkets & Grocery,149.3155304507277
2016-09-01,United States,Building Materials & Garden,92.13714562636297
2016-09-01,United States,Clothing & Footwear,92.13714562636297
2016-09-01,United States,Department Stores,92.13714562636297
2016-09-01,United States,Electronics & Appliances,92.13714562636297
2016-09-01,United States,Nonstore / Online,92.13714562636297
2016-09-01,United States,Supermarkets & Grocery,92.13714562636297
2016-10-01,Australia,Clothing & Footwear,105.9053981424314
2016-10-01,Australia,Department Stores,98.90632531733708
2016-10-01,Australia,Nonstore / Online,105.9894357030415
2016-10-01,Australia,Supermarkets & Grocery,103.7778623665621
2016-10-01,Great Britain,Building Materials & Garden,101.36937539697315
2016-10-01,Great Britain,Clothing & Footwear,95.24322564751084
2016-10-01,Great Britain,Department Stores,97.93104665007316
2016-10-01,Great Britain,Electronics & Appliances,94.48103548049576
2016-10-01,Great Britain,Nonstore/Online,117.56516615521684
2016-10-01,Great Britain,Supermarkets & Grocery,95.27577846542113
2016-10-01,New Zealand,Building Materials & Garden,140.55607021823
2016-10-01,New Zealand,Clothing & Footwear,109.8372378462031
2016-10-01,New Zealand,Department Stores,110.7162911884279
2016-10-01,New Zealand,Nonstore / Online,148.9065943380234
2016-10-01,New Zealand,Supermarkets & Grocery,152.258907588707
2016-10-01,United States,Building Materials & Garden,91.09522655682096
2016-10-01,United States,Clothing & Footwear,91.09522655682096
2016-10-01,United States,Department Stores,91.09522655682096
2016-10-01,United States,Electronics & Appliances,91.09522655682096
2016-10-01,United States,Nonstore / Online,91.09522655682096
2016-10-01,United States,Supermarkets & Grocery,91.09522655682096
2016-11-01,Australia,Clothing & Footwear,105.585587186241
2016-11-01,Australia,Department Stores,98.09651330941034
2016-11-01,Australia,Nonstore / Online,106.538331463941
2016-11-01,Australia,Supermarkets & Grocery,104.4407988924109
2016-11-01,Great Britain,Building Materials & Garden,99.66706880254556
2016-11-01,Great Britain,Clothing & Footwear,92.22550797426948
2016-11-01,Great Britain,Department Stores,98.45910342
2016-11-01,Great Britain,Electronics & Appliances,95.77699124601718
2016-11-01,Great Britain,Nonstore/Online,120.20235395197416
2016-11-01,Great Britain,Supermarkets & Grocery,95.13873851374228
2016-11-01,New Zealand,Building Materials & Garden,140.55607021823
2016-11-01,New Zealand,Clothing & Footwear,109.8372378462031
2016-11-01,New Zealand,Department Stores,110.7162911884279
2016-11-01,New Zealand,Nonstore / Online,148.9065943380234
2016-11-01,New Zealand,Supermarkets & Grocery,152.258907588707
2016-11-01,United States,Building Materials & Garden,89.93215410709959
2016-11-01,United States,Clothing & Footwear,89.93215410709959
2016-11-01,United States,Department Stores,89.93215410709959
2016-11-01,United States,Electronics & Appliances,89.93215410709959
2016-11-01,United States,Nonstore / Online,89.93215410709959
2016-11-01,United States,Supermarkets & Grocery,89.93215410709959
2016-12-01,Australia,Clothing & Footwear,109.2420924520172
2016-12-01,Australia,Department Stores,99.74184564297576
2016-12-01,Australia,Nonstore / Online,106.7397878868243
2016-12-01,Australia,Supermarkets & Grocery,104.9794348196631
2016-12-01,Great Britain,Building Materials & Garden,126.75997681216708
2016-12-01,Great Britain,Clothing & Footwear,114.02941091466468
2016-12-01,Great Britain,Department Stores,122.38603046113148
2016-12-01,Great Britain,Electronics & Appliances,118.31587358391114
2016-12-01,Great Britain,Nonstore/Online,151.01282067215226
2016-12-01,Great Britain,Supermarkets & Grocery,118.28337268033846
2016-12-01,New Zealand,Building Materials & Garden,140.55607021823
2016-12-01,New Zealand,Clothing & Footwear,109.8372378462031
2016-12-01,New Zealand,Department Stores,110.7162911884279
2016-12-01,New Zealand,Nonstore / Online,148.9065943380234
2016-12-01,New Zealand,Supermarkets & Grocery,152.258907588707
2016-12-01,United States,Building Materials & Garden,90.71965107826507
2016-12-01,United States,Clothing & Footwear,90.71965107826507
2016-12-01,United States,Department Stores,90.71965107826507
2016-12-01,United States,Electronics & Appliances,90.71965107826507
2016-12-01,United States,Nonstore / Online,90.71965107826507
2016-12-01,United States,Supermarkets & Grocery,90.71965107826507
2017-01-01,Australia,Clothing & Footwear,108.245348305224
2017-01-01,Australia,Department Stores,99.97964758181138
2017-01-01,Australia,Nonstore / Online,105.5836031989723
2017-01-01,Australia,Supermarkets & Grocery,104.9289061210466
2017-01-01,Great Britain,Building Materials & Garden,97.95089690250332
2017-01-01,Great Britain,Clothing & Footwear,92.87769841663813
2017-01-01,Great Britain,Department Stores,96.64501170426529
2017-01-01,Great Britain,Electronics & Appliances,93.06780200888176
2017-01-01,Great Britain,Nonstore/Online,118.92828916092594
2017-01-01,Great Britain,Supermarkets & Grocery,94.56276409811952
2017-01-01,New Zealand,Building Materials & Garden,140.8515777994066
2017-01-01,New Zealand,Clothing & Footwear,115.7158866535034
2017-01-01,New Zealand,Department Stores,110.3030030771995
2017-01-01,New Zealand,Nonstore / Online,158.9150703509069
2017-01-01,New Zealand,Supermarkets & Grocery,152.9259887660579
2017-01-01,United States,Building Materials & Garden,91.87060818996852
2017-01-01,United States,Clothing & Footwear,91.87060818996852
2017-01-01,United States,Department Stores,91.87060818996852
2017-01-01,United States,Electronics & Appliances,91.87060818996852
2017-01-01,United States,Nonstore / Online,91.87060818996852
2017-01-01,United States,Supermarkets & Grocery,91.87060818996852
2017-02-01,Australia,Clothing & Footwear,105.121861299765
2017-02-01,Australia,Department Stores,99.27909592416049
2017-02-01,Australia,Nonstore / Online,106.3193570912417
2017-02-01,Australia,Supermarkets & Grocery,105.3088819346428
2017-02-01,Great Britain,Building Materials & Garden,99.78845325079024
2017-02-01,Great Britain,Clothing & Footwear,94.12317957323492
2017-02-01,Great Britain,Department Stores,97.04789233470098
2017-02-01,Great Britain,Electronics & Appliances,94.11858798755262
2017-02-01,Great Britain,Nonstore/Online,118.01920250861389
2017-02-01,Great Britain,Supermarkets & Grocery,95.47059939078018
2017-02-01,New Zealand,Building Materials & Garden,140.8515777994066
2017-02-01,New Zealand,Clothing & Footwear,115.7158866535034
2017-02-01,New Zealand,Department Stores,110.3030030771995
2017-02-01,New Zealand,Nonstore / Online,158.9150703509069
2017-02-01,New Zealand,Supermarkets & Grocery,152.9259887660579
2017-02-01,United States,Building Materials & Garden,90.92561182456993
2017-02-01,United States,Clothing & Footwear,90.92561182456993
2017-02-01,United States,Department Stores,90.92561182456993
2017-02-01,United States,Electronics & Appliances,90.92561182456993
2017-02-01,United States,Nonstore / Online,90.92561182456993
2017-02-01,United States,Supermarkets & Grocery,90.92561182456993
2017-03-01,Australia,Clothing & Footwear,105.6868606557013
2017-03-01,Australia,Department Stores,99.43334583043224
2017-03-01,Australia,Nonstore / Online,107.9339281326109
2017-03-01,Australia,Supermarkets & Grocery,105.0087414648607
2017-03-01,Great Britain,Building Materials & Garden,120.21245177552171
2017-03-01,Great Britain,Clothing & Footwear,119.88724725547554
2017-03-01,Great Britain,Department Stores,122.87159692789176
2017-03-01,Great Britain,Electronics & Appliances,118.19859587781852
2017-03-01,Great Britain,Nonstore/Online,147.45784319072038
2017-03-01,Great Britain,Supermarkets & Grocery,119.76101982311025
2017-03-01,New Zealand,Building Materials & Garden,140.8515777994066
2017-03-01,New Zealand,Clothing & Footwear,115.7158866535034
2017-03-01,New Zealand,Department Stores,110.3030030771995
2017-03-01,New Zealand,Nonstore / Online,158.9150703509069
2017-03-01,New Zealand,Supermarkets & Grocery,152.9259887660579
2017-03-01,United States,Building Materials & Garden,93.10637266779744
2017-03-01,United States,Clothing & Footwear,93.10637266779744
2017-03-01,United States,Department Stores,93.10637266779744
2017-03-01,United States,Electronics & Appliances,93.10637266779744
2017-03-01,United States,Nonstore / Online,93.10637266779744
2017-03-01,United States,Supermarkets & Grocery,93.10637266779744
2017-04-01,Australia,Clothing & Footwear,107.099359045542
2017-04-01,Australia,Department Stores,103.3859996786461
2017-04-01,Australia,Nonstore / Online,107.9631247156374
2017-04-01,Australia,Supermarkets & Grocery,105.3887172784569
2017-04-01,Great Britain,Building Materials & Garden,101.41061837876512
2017-04-01,Great Britain,Clothing & Footwear,95.10897231693497
2017-04-01,Great Britain,Department Stores,98.15856224357692
2017-04-01,Great Britain,Electronics & Appliances,99.79590524518046
2017-04-01,Great Britain,Nonstore/Online,123.77300534120448
2017-04-01,Great Britain,Supermarkets & Grocery,96.32103343138392
2017-04-01,New Zealand,Building Materials & Garden,141.7451364377265
2017-04-01,New Zealand,Clothing & Footwear,116.3562623405732
2017-04-01,New Zealand,Department Stores,111.7315424181847
2017-04-01,New Zealand,Nonstore / Online,159.4846584166808
2017-04-01,New Zealand,Supermarkets & Grocery,155.1991232045189
2017-04-01,United States,Building Materials & Garden,94.14829173733948
2017-04-01,United States,Clothing & Footwear,94.14829173733948
2017-04-01,United States,Department Stores,94.14829173733948
2017-04-01,United States,Electronics & Appliances,94.14829173733948
2017-04-01,United States,Nonstore / Online,94.14829173733948
2017-04-01,United States,Supermarkets & Grocery,94.14829173733948
2017-05-01,Australia,Clothing & Footwear,107.5524245668116
2017-05-01,Australia,Department Stores,99.82539767553963
2017-05-01,Australia,Nonstore / Online,108.4156717525492
2017-05-01,Australia,Supermarkets & Grocery,105.492806397607
2017-05-01,Great Britain,Building Materials & Garden,99.09844001446528
2017-05-01,Great Britain,Clothing & Footwear,95.26222473048588
2017-05-01,Great Britain,Department Stores,97.08083342437372
2017-05-01,Great Britain,Electronics & Appliances,92.13177003883062
2017-05-01,Great Britain,Nonstore/Online,119.79010060346307
2017-05-01,Great Britain,Supermarkets & Grocery,95.72785287970495
2017-05-01,New Zealand,Building Materials & Garden,141.7451364377265
2017-05-01,New Zealand,Clothing & Footwear,116.3562623405732
2017-05-01,New Zealand,Department Stores,111.7315424181847
2017-05-01,New Zealand,Nonstore / Online,159.4846584166808
2017-05-01,New Zealand,Supermarkets & Grocery,155.1991232045189
2017-05-01,United States,Building Materials & Garden,92.3431063726678
2017-05-01,United States,Clothing & Footwear,92.3431063726678
2017-05-01,United States,Department Stores,92.3431063726678
2017-05-01,United States,Electronics & Appliances,92.3431063726678
2017-05-01,United States,Nonstore / Online,92.3431063726678
2017-05-01,United States,Supermarkets & Grocery,92.3431063726678
2017-06-01,Australia,Clothing & Footwear,107.0940288629388
2017-06-01,Australia,Department Stores,99.49118954528416
2017-06-01,Australia,Nonstore / Online,108.6025298839192
2017-06-01,Australia,Supermarkets & Grocery,105.6191281441483
2017-06-01,Great Britain,Building Materials & Garden,128.6078943251951
2017-06-01,Great Britain,Clothing & Footwear,120.64957581890644
2017-06-01,Great Britain,Department Stores,124.4918173778066
2017-06-01,Great Britain,Electronics & Appliances,117.70718002137164
2017-06-01,Great Britain,Nonstore/Online,156.98432605699512
2017-06-01,Great Britain,Supermarkets & Grocery,118.68445364495874
2017-06-01,New Zealand,Building Materials & Garden,141.7451364377265
2017-06-01,New Zealand,Clothing & Footwear,116.3562623405732
2017-06-01,New Zealand,Department Stores,111.7315424181847
2017-06-01,New Zealand,Nonstore / Online,159.4846584166808
2017-06-01,New Zealand,Supermarkets & Grocery,155.1991232045189
2017-06-01,United States,Building Materials & Garden,91.38599466925128
2017-06-01,United States,Clothing & Footwear,91.38599466925128
2017-06-01,United States,Department Stores,91.38599466925128
2017-06-01,United States,Electronics & Appliances,91.38599466925128
2017-06-01,United States,Nonstore / Online,91.38599466925128
2017-06-01,United States,Supermarkets & Grocery,91.38599466925128
2017-07-01,Australia,Clothing & Footwear,109.0768567913189
2017-07-01,Australia,Department Stores,99.15698141502868
2017-07-01,Australia,Nonstore / Online,109.5514188322826
2017-07-01,Australia,Supermarkets & Grocery,105.9051205783178
2017-07-01,Great Britain,Building Materials & Garden,100.23052961307856
2017-07-01,Great Britain,Clothing & Footwear,97.03055345198534
2017-07-01,Great Britain,Department Stores,99.84022337760044
2017-07-01,Great Britain,Electronics & Appliances,96.456237
2017-07-01,Great Britain,Nonstore/Online,123.64212187392764
2017-07-01,Great Britain,Supermarkets & Grocery,95.81868545634735
2017-07-01,New Zealand,Building Materials & Garden,141.3863058034406
2017-07-01,New Zealand,Clothing & Footwear,120.5058967927851
2017-07-01,New Zealand,Department Stores,110.9498888165135
2017-07-01,New Zealand,Nonstore / Online,169.4117647058823
2017-07-01,New Zealand,Supermarkets & Grocery,157.4627730764772
2017-07-01,United States,Building Materials & Garden,90.55003634601404
2017-07-01,United States,Clothing & Footwear,90.55003634601404
2017-07-01,United States,Department Stores,90.55003634601404
2017-07-01,United States,Electronics & Appliances,90.55003634601404
2017-07-01,United States,Nonstore / Online,90.55003634601404
2017-07-01,United States,Supermarkets & Grocery,90.55003634601404
2017-08-01,Australia,Clothing & Footwear,107.7123300449068
2017-08-01,Australia,Department Stores,98.0708049916984
2017-08-01,Australia,Nonstore / Online,109.3704000175179
2017-08-01,Australia,Supermarkets & Grocery,105.6110435523696
2017-08-01,Great Britain,Building Materials & Garden,105.4293637677632
2017-08-01,Great Britain,Clothing & Footwear,97.53676717834288
2017-08-01,Great Britain,Department Stores,100.78637290041424
2017-08-01,Great Britain,Electronics & Appliances,92.23676328
2017-08-01,Great Britain,Nonstore/Online,129.81928920799697
2017-08-01,Great Britain,Supermarkets & Grocery,96.12602264521324
2017-08-01,New Zealand,Building Materials & Garden,141.3863058034406
2017-08-01,New Zealand,Clothing & Footwear,120.5058967927851
2017-08-01,New Zealand,Department Stores,110.9498888165135
2017-08-01,New Zealand,Nonstore / Online,169.4117647058823
2017-08-01,New Zealand,Supermarkets & Grocery,157.4627730764772
2017-08-01,United States,Building Materials & Garden,90.4894596559244
2017-08-01,United States,Clothing & Footwear,90.4894596559244
2017-08-01,United States,Department Stores,90.4894596559244
2017-08-01,United States,Electronics & Appliances,90.4894596559244
2017-08-01,United States,Nonstore / Online,90.4894596559244
2017-08-01,United States,Supermarkets & Grocery,90.4894596559244
2017-09-01,Australia,Clothing & Footwear,107.2592645236371
2017-09-01,Australia,Department Stores,100.1917412029351
2017-09-01,Australia,Nonstore / Online,108.3047247370483
2017-09-01,Australia,Supermarkets & Grocery,106.3204664809456
2017-09-01,Great Britain,Building Materials & Garden,124.52320050076442
2017-09-01,Great Britain,Clothing & Footwear,122.46382113336044
2017-09-01,Great Britain,Department Stores,124.9078004191908
2017-09-01,Great Britain,Electronics & Appliances,118.10417990177436
2017-09-01,Great Britain,Nonstore/Online,172.33947473326987
2017-09-01,Great Britain,Supermarkets & Grocery,120.84272806491072
2017-09-01,New Zealand,Building Materials & Garden,141.3863058034406
2017-09-01,New Zealand,Clothing & Footwear,120.5058967927851
2017-09-01,New Zealand,Department Stores,110.9498888165135
2017-09-01,New Zealand,Nonstore / Online,169.4117647058823
2017-09-01,New Zealand,Supermarkets & Grocery,157.4627730764772
2017-09-01,United States,Building Materials & Garden,91.30118730312576
2017-09-01,United States,Clothing & Footwear,91.30118730312576
2017-09-01,United States,Department Stores,91.30118730312576
2017-09-01,United States,Electronics & Appliances,91.30118730312576
2017-09-01,United States,Nonstore / Online,91.30118730312576
2017-09-01,United States,Supermarkets & Grocery,91.30118730312576
2017-10-01,Australia,Clothing & Footwear,107.2006325150022
2017-10-01,Australia,Department Stores,100.7894595897381
2017-10-01,Australia,Nonstore / Online,107.3470768137769
2017-10-01,Australia,Supermarkets & Grocery,106.7277277917948
2017-10-01,Great Britain,Building Materials & Garden,102.09690058739736
2017-10-01,Great Britain,Clothing & Footwear,96.52634504155748
2017-10-01,Great Britain,Department Stores,98.76549256768207
2017-10-01,Great Britain,Electronics & Appliances,97.12490549
2017-10-01,Great Britain,Nonstore/Online,133.1829689683735
2017-10-01,Great Britain,Supermarkets & Grocery,97.50264801445049
2017-10-01,New Zealand,Building Materials & Garden,142.7583052874749
2017-10-01,New Zealand,Clothing & Footwear,120.8132771225786
2017-10-01,New Zealand,Department Stores,112.1987376743559
2017-10-01,New Zealand,Nonstore / Online,171.8528564163418
2017-10-01,New Zealand,Supermarkets & Grocery,159.6758385937549
2017-10-01,United States,Building Materials & Garden,91.97964623212988
2017-10-01,United States,Clothing & Footwear,91.97964623212988
2017-10-01,United States,Department Stores,91.97964623212988
2017-10-01,United States,Electronics & Appliances,91.97964623212988
2017-10-01,United States,Nonstore / Online,91.97964623212988
2017-10-01,United States,Supermarkets & Grocery,91.97964623212988
2017-11-01,Australia,Clothing & Footwear,107.8189336969702
2017-11-01,Australia,Department Stores,98.97059611161696
2017-11-01,Australia,Nonstore / Online,110.1061539097874
2017-11-01,Australia,Supermarkets & Grocery,106.9045782369527
2017-11-01,Great Britain,Building Materials & Garden,104.54783284643004
2017-11-01,Great Britain,Clothing & Footwear,97.00517849
2017-11-01,Great Britain,Department Stores,98.98760434198108
2017-11-01,Great Britain,Electronics & Appliances,95.62026221031178
2017-11-01,Great Britain,Nonstore/Online,134.8018597309883
2017-11-01,Great Britain,Supermarkets & Grocery,97.74892913063506
2017-11-01,New Zealand,Building Materials & Garden,142.7583052874749
2017-11-01,New Zealand,Clothing & Footwear,120.8132771225786
2017-11-01,New Zealand,Department Stores,112.1987376743559
2017-11-01,New Zealand,Nonstore / Online,171.8528564163418
2017-11-01,New Zealand,Supermarkets & Grocery,159.6758385937549
2017-11-01,United States,Building Materials & Garden,94.2815604555367
2017-11-01,United States,Clothing & Footwear,94.2815604555367
2017-11-01,United States,Department Stores,94.2815604555367
2017-11-01,United States,Electronics & Appliances,94.2815604555367
2017-11-01,United States,Nonstore / Online,94.2815604555367
2017-11-01,United States,Supermarkets & Grocery,94.2815604555367
2017-12-01,Australia,Clothing & Footwear,109.5245921299854
2017-12-01,Australia,Department Stores,99.9732205023834
2017-12-01,Australia,Nonstore / Online,109.2915692433462
2017-12-01,Australia,Supermarkets & Grocery,108.4093228817527
2017-12-01,Great Britain,Building Materials & Garden,132.98570071031958
2017-12-01,Great Britain,Clothing & Footwear,120.0695510408286
2017-12-01,Great Britain,Department Stores,127.09327516290574
2017-12-01,Great Britain,Electronics & Appliances,117.7963630364794
2017-12-01,Great Britain,Nonstore/Online,167.5777753422744
2017-12-01,Great Britain,Supermarkets & Grocery,122.16451530304842
2017-12-01,New Zealand,Building Materials & Garden,142.7583052874749
2017-12-01,New Zealand,Clothing & Footwear,120.8132771225786
2017-12-01,New Zealand,Department Stores,112.1987376743559
2017-12-01,New Zealand,Nonstore / Online,171.8528564163418
2017-12-01,New Zealand,Supermarkets & Grocery,159.6758385937549
2017-12-01,United States,Building Materials & Garden,93.10637266779744
2017-12-01,United States,Clothing & Footwear,93.10637266779744
2017-12-01,United States,Department Stores,93.10637266779744
2017-12-01,United States,Electronics & Appliances,93.10637266779744
2017-12-01,United States,Nonstore / Online,93.10637266779744
2017-12-01,United States,Supermarkets & Grocery,93.10637266779744
2018-01-01,Australia,Clothing & Footwear,109.1354887999538
2018-01-01,Australia,Department Stores,99.36907503615234
2018-01-01,Australia,Nonstore / Online,109.6974017474155
2018-01-01,Australia,Supermarkets & Grocery,107.9343531147574
2018-01-01,Great Britain,Building Materials & Garden,104.67156179180589
2018-01-01,Great Britain,Clothing & Footwear,95.80494549043549
2018-01-01,Great Britain,Department Stores,101.6344023909556
2018-01-01,Great Britain,Electronics & Appliances,97.17523098558644
2018-01-01,Great Britain,Nonstore/Online,129.73534296865577
2018-01-01,Great Britain,Supermarkets & Grocery,97.16978245728424
2018-01-01,New Zealand,Building Materials & Garden,144.0810535079799
2018-01-01,New Zealand,Clothing & Footwear,117.8291264208336
2018-01-01,New Zealand,Department Stores,111.1745019204421
2018-01-01,New Zealand,Nonstore / Online,175.2703848109849
2018-01-01,New Zealand,Supermarkets & Grocery,159.2079333129591
2018-01-01,United States,Building Materials & Garden,93.59098618851466
2018-01-01,United States,Clothing & Footwear,93.59098618851466
2018-01-01,United States,Department Stores,93.59098618851466
2018-01-01,United States,Electronics & Appliances,93.59098618851466
2018-01-01,United States,Nonstore / Online,93.59098618851466
2018-01-01,United States,Supermarkets & Grocery,93.59098618851466
2018-02-01,Australia,Clothing & Footwear,110.3720911638898
2018-02-01,Australia,Department Stores,99.58116865727602
2018-02-01,Australia,Nonstore / Online,110.0098051857997
2018-02-01,Australia,Supermarkets & Grocery,108.1243410215555
2018-02-01,Great Britain,Building Materials & Garden,102.66439494138191
2018-02-01,Great Britain,Clothing & Footwear,95.78656342774651
2018-02-01,Great Britain,Department Stores,100.51570077819316
2018-02-01,Great Britain,Electronics & Appliances,98.36307600495353
2018-02-01,Great Britain,Nonstore/Online,133.91909341441334
2018-02-01,Great Britain,Supermarkets & Grocery,98.05942275549468
2018-02-01,New Zealand,Building Materials & Garden,144.0810535079799
2018-02-01,New Zealand,Clothing & Footwear,117.8291264208336
2018-02-01,New Zealand,Department Stores,111.1745019204421
2018-02-01,New Zealand,Nonstore / Online,175.2703848109849
2018-02-01,New Zealand,Supermarkets & Grocery,159.2079333129591
2018-02-01,United States,Building Materials & Garden,94.81463532832566
2018-02-01,United States,Clothing & Footwear,94.81463532832566
2018-02-01,United States,Department Stores,94.81463532832566
2018-02-01,United States,Electronics & Appliances,94.81463532832566
2018-02-01,United States,Nonstore / Online,94.81463532832566
2018-02-01,United States,Supermarkets & Grocery,94.81463532832566
2018-03-01,Australia,Clothing & Footwear,108.8103476611603
2018-03-01,Australia,Department Stores,99.62615821327194
2018-03-01,Australia,Nonstore / Online,109.7587145717713
2018-03-01,Australia,Supermarkets & Grocery,108.8186053405466
2018-03-01,Great Britain,Building Materials & Garden,126.15043276770028
2018-03-01,Great Britain,Clothing & Footwear,117.66494585850522
2018-03-01,Great Britain,Department Stores,125.31223557295938
2018-03-01,Great Britain,Electronics & Appliances,124.6620078
2018-03-01,Great Britain,Nonstore/Online,164.28747988876034
2018-03-01,Great Britain,Supermarkets & Grocery,121.3260424935789
2018-03-01,New Zealand,Building Materials & Garden,144.0810535079799
2018-03-01,New Zealand,Clothing & Footwear,117.8291264208336
2018-03-01,New Zealand,Department Stores,111.1745019204421
2018-03-01,New Zealand,Nonstore / Online,175.2703848109849
2018-03-01,New Zealand,Supermarkets & Grocery,159.2079333129591
2018-03-01,United States,Building Materials & Garden,93.91810031499878
2018-03-01,United States,Clothing & Footwear,93.91810031499878
2018-03-01,United States,Department Stores,93.91810031499878
2018-03-01,United States,Electronics & Appliances,93.91810031499878
2018-03-01,United States,Nonstore / Online,93.91810031499878
2018-03-01,United States,Supermarkets & Grocery,93.91810031499878
2018-04-01,Australia,Clothing & Footwear,109.3380357388744
2018-04-01,Australia,Department Stores,99.1377001767447
2018-04-01,Australia,Nonstore / Online,109.5660171237959
2018-04-01,Australia,Supermarkets & Grocery,109.1854436925025
2018-04-01,Great Britain,Building Materials & Garden,104.2846189265707
2018-04-01,Great Britain,Clothing & Footwear,94.80483273426306
2018-04-01,Great Britain,Department Stores,98.46539554
2018-04-01,Great Britain,Electronics & Appliances,100.99432752601474
2018-04-01,Great Britain,Nonstore/Online,134.247992
2018-04-01,Great Britain,Supermarkets & Grocery,98.60935459645214
2018-04-01,New Zealand,Building Materials & Garden,148.9287850182347
2018-04-01,New Zealand,Clothing & Footwear,120.3137840866642
2018-04-01,New Zealand,Department Stores,114.3101008512837
2018-04-01,New Zealand,Nonstore / Online,174.7821664688931
2018-04-01,New Zealand,Supermarkets & Grocery,160.6717180765299
2018-04-01,United States,Building Materials & Garden,94.80251999030772
2018-04-01,United States,Clothing & Footwear,94.80251999030772
2018-04-01,United States,Department Stores,94.80251999030772
2018-04-01,United States,Electronics & Appliances,94.80251999030772
2018-04-01,United States,Nonstore / Online,94.80251999030772
2018-04-01,United States,Supermarkets & Grocery,94.80251999030772
2018-05-01,Australia,Clothing & Footwear,112.3122776314445
2018-05-01,Australia,Department Stores,102.4926356381554
2018-05-01,Australia,Nonstore / Online,109.7674735466792
2018-05-01,Australia,Supermarkets & Grocery,109.4734572746167
2018-05-01,Great Britain,Building Materials & Garden,104.21062861388162
2018-05-01,Great Britain,Clothing & Footwear,97.74742818767623
2018-05-01,Great Britain,Department Stores,101.95452316014608
2018-05-01,Great Britain,Electronics & Appliances,100.51927858994344
2018-05-01,Great Britain,Nonstore/Online,141.0822382692401
2018-05-01,Great Britain,Supermarkets & Grocery,100.04758979907128
2018-05-01,New Zealand,Building Materials & Garden,148.9287850182347
2018-05-01,New Zealand,Clothing & Footwear,120.3137840866642
2018-05-01,New Zealand,Department Stores,114.3101008512837
2018-05-01,New Zealand,Nonstore / Online,174.7821664688931
2018-05-01,New Zealand,Supermarkets & Grocery,160.6717180765299
2018-05-01,United States,Building Materials & Garden,94.39059849769808
2018-05-01,United States,Clothing & Footwear,94.39059849769808
2018-05-01,United States,Department Stores,94.39059849769808
2018-05-01,United States,Electronics & Appliances,94.39059849769808
2018-05-01,United States,Nonstore / Online,94.39059849769808
2018-05-01,United States,Supermarkets & Grocery,94.39059849769808
2018-06-01,Australia,Clothing & Footwear,112.450862379127
2018-06-01,Australia,Department Stores,101.2650634674094
2018-06-01,Australia,Nonstore / Online,110.6696479622001
2018-06-01,Australia,Supermarkets & Grocery,109.6280750923833
2018-06-01,Great Britain,Building Materials & Garden,127.83854633110778
2018-06-01,Great Britain,Clothing & Footwear,121.41403824415995
2018-06-01,Great Britain,Department Stores,128.08435781253152
2018-06-01,Great Britain,Electronics & Appliances,123.56883853411404
2018-06-01,Great Britain,Nonstore/Online,175.11646026831608
2018-06-01,Great Britain,Supermarkets & Grocery,124.74725521092284
2018-06-01,New Zealand,Building Materials & Garden,148.9287850182347
2018-06-01,New Zealand,Clothing & Footwear,120.3137840866642
2018-06-01,New Zealand,Department Stores,114.3101008512837
2018-06-01,New Zealand,Nonstore / Online,174.7821664688931
2018-06-01,New Zealand,Supermarkets & Grocery,160.6717180765299
2018-06-01,United States,Building Materials & Garden,94.83886600436152
2018-06-01,United States,Clothing & Footwear,94.83886600436152
2018-06-01,United States,Department Stores,94.83886600436152
2018-06-01,United States,Electronics & Appliances,94.83886600436152
2018-06-01,United States,Nonstore / Online,94.83886600436152
2018-06-01,United States,Supermarkets & Grocery,94.83886600436152
2018-07-01,Australia,Clothing & Footwear,111.0969959979212
2018-07-01,Australia,Department Stores,99.06700230303682
2018-07-01,Australia,Nonstore / Online,112.4331215770048
2018-07-01,Australia,Supermarkets & Grocery,109.9090146566912
2018-07-01,Great Britain,Building Materials & Garden,103.39529822444676
2018-07-01,Great Britain,Clothing & Footwear,98.98226574433846
2018-07-01,Great Britain,Department Stores,101.2890021113758
2018-07-01,Great Britain,Electronics & Appliances,97.86835707
2018-07-01,Great Britain,Nonstore/Online,144.95136987032026
2018-07-01,Great Britain,Supermarkets & Grocery,100.76223380500626
2018-07-01,New Zealand,Building Materials & Garden,150.307820397059
2018-07-01,New Zealand,Clothing & Footwear,121.735418111959
2018-07-01,New Zealand,Department Stores,120.4644998989241
2018-07-01,New Zealand,Nonstore / Online,177.1825733175115
2018-07-01,New Zealand,Supermarkets & Grocery,161.1364618351582
2018-07-01,United States,Building Materials & Garden,93.73637024472984
2018-07-01,United States,Clothing & Footwear,93.73637024472984
2018-07-01,United States,Department Stores,93.73637024472984
2018-07-01,United States,Electronics & Appliances,93.73637024472984
2018-07-01,United States,Nonstore / Online,93.73637024472984
2018-07-01,United States,Supermarkets & Grocery,93.73637024472984
2018-08-01,Australia,Clothing & Footwear,112.0351081360796
2018-08-01,Australia,Department Stores,100.236730758931
2018-08-01,Australia,Nonstore / Online,113.6272618227913
2018-08-01,Australia,Supermarkets & Grocery,110.4708937853069
2018-08-01,Great Britain,Building Materials & Garden,107.3851785681198
2018-08-01,Great Britain,Clothing & Footwear,96.79248645827936
2018-08-01,Great Britain,Department Stores,102.00759902822554
2018-08-01,Great Britain,Electronics & Appliances,101.96699022262072
2018-08-01,Great Britain,Nonstore/Online,147.97736352548577
2018-08-01,Great Britain,Supermarkets & Grocery,100.12904008727112
2018-08-01,New Zealand,Building Materials & Garden,150.307820397059
2018-08-01,New Zealand,Clothing & Footwear,121.735418111959
2018-08-01,New Zealand,Department Stores,120.4644998989241
2018-08-01,New Zealand,Nonstore / Online,177.1825733175115
2018-08-01,New Zealand,Supermarkets & Grocery,161.1364618351582
2018-08-01,United States,Building Materials & Garden,94.402713835716
2018-08-01,United States,Clothing & Footwear,94.402713835716
2018-08-01,United States,Department Stores,94.402713835716
2018-08-01,United States,Electronics & Appliances,94.402713835716
2018-08-01,United States,Nonstore / Online,94.402713835716
2018-08-01,United States,Supermarkets & Grocery,94.402713835716
2018-09-01,Australia,Clothing & Footwear,111.0117130762704
2018-09-01,Australia,Department Stores,100.5323764126185
2018-09-01,Australia,Nonstore / Online,113.0170532375361
2018-09-01,Australia,Supermarkets & Grocery,110.7002940770259
2018-09-01,Great Britain,Building Materials & Garden,134.34384520974487
2018-09-01,Great Britain,Clothing & Footwear,121.61644660716722
2018-09-01,Great Britain,Department Stores,126.09771400558284
2018-09-01,Great Britain,Electronics & Appliances,128.906236
2018-09-01,Great Britain,Nonstore/Online,184.4799513925785
2018-09-01,Great Britain,Supermarkets & Grocery,124.4311448703851
2018-09-01,New Zealand,Building Materials & Garden,150.307820397059
2018-09-01,New Zealand,Clothing & Footwear,121.735418111959
2018-09-01,New Zealand,Department Stores,120.4644998989241
2018-09-01,New Zealand,Nonstore / Online,177.1825733175115
2018-09-01,New Zealand,Supermarkets & Grocery,161.1364618351582
2018-09-01,United States,Building Materials & Garden,92.67022049915192
2018-09-01,United States,Clothing & Footwear,92.67022049915192
2018-09-01,United States,Department Stores,92.67022049915192
2018-09-01,United States,Electronics & Appliances,92.67022049915192
2018-09-01,United States,Nonstore / Online,92.67022049915192
2018-09-01,United States,Supermarkets & Grocery,92.67022049915192
2018-10-01,Australia,Clothing & Footwear,113.9806247862375
2018-10-01,Australia,Department Stores,100.7637512720261
2018-10-01,Australia,Nonstore / Online,113.6243421644887
2018-10-01,Australia,Supermarkets & Grocery,111.1520206426577
2018-10-01,Great Britain,Building Materials & Garden,104.82218943007418
2018-10-01,Great Britain,Clothing & Footwear,96.69111516711492
2018-10-01,Great Britain,Department Stores,99.90728995567574
2018-10-01,Great Britain,Electronics & Appliances,102.2562504888504
2018-10-01,Great Britain,Nonstore/Online,146.1921434501954
2018-10-01,Great Britain,Supermarkets & Grocery,99.76464972450307
2018-10-01,New Zealand,Building Materials & Garden,150.0826717637815
2018-10-01,New Zealand,Clothing & Footwear,125.8082074817226
2018-10-01,New Zealand,Department Stores,121.2820915972238
2018-10-01,New Zealand,Nonstore / Online,195.165282251229
2018-10-01,New Zealand,Supermarkets & Grocery,163.3843040962789
2018-10-01,United States,Building Materials & Garden,93.09425732977952
2018-10-01,United States,Clothing & Footwear,93.09425732977952
2018-10-01,United States,Department Stores,93.09425732977952
2018-10-01,United States,Electronics & Appliances,93.09425732977952
2018-10-01,United States,Nonstore / Online,93.09425732977952
2018-10-01,United States,Supermarkets & Grocery,93.09425732977952
2018-11-01,Australia,Clothing & Footwear,111.4914295105559
2018-11-01,Australia,Department Stores,98.98987734990096
2018-11-01,Australia,Nonstore / Online,112.7221677489678
2018-11-01,Australia,Supermarkets & Grocery,110.9660750317489
2018-11-01,Great Britain,Building Materials & Garden,109.57957746363476
2018-11-01,Great Britain,Clothing & Footwear,97.91803429677266
2018-11-01,Great Britain,Department Stores,99.10800587535796
2018-11-01,Great Britain,Electronics & Appliances,103.19350719443985
2018-11-01,Great Britain,Nonstore/Online,148.9606794392586
2018-11-01,Great Britain,Supermarkets & Grocery,100.16337325071198
2018-11-01,New Zealand,Building Materials & Garden,150.0826717637815
2018-11-01,New Zealand,Clothing & Footwear,125.8082074817226
2018-11-01,New Zealand,Department Stores,121.2820915972238
2018-11-01,New Zealand,Nonstore / Online,195.165282251229
2018-11-01,New Zealand,Supermarkets & Grocery,163.3843040962789
2018-11-01,United States,Building Materials & Garden,92.67022049915192
2018-11-01,United States,Clothing & Footwear,92.67022049915192
2018-11-01,United States,Department Stores,92.67022049915192
2018-11-01,United States,Electronics & Appliances,92.67022049915192
2018-11-01,United States,Nonstore / Online,92.67022049915192
2018-11-01,United States,Supermarkets & Grocery,92.67022049915192
2018-12-01,Australia,Clothing & Footwear,112.4721831095397
2018-12-01,Australia,Department Stores,100.7637512720261
2018-12-01,Australia,Nonstore / Online,113.8374772205826
2018-12-01,Australia,Supermarkets & Grocery,112.9811595325758
2018-12-01,Great Britain,Building Materials & Garden,133.35976144615643
2018-12-01,Great Britain,Clothing & Footwear,123.92613350215125
2018-12-01,Great Britain,Department Stores,127.61848197465426
2018-12-01,Great Britain,Electronics & Appliances,128.06198497898976
2018-12-01,Great Britain,Nonstore/Online,185.18219315922647
2018-12-01,Great Britain,Supermarkets & Grocery,125.71665287176246
2018-12-01,New Zealand,Building Materials & Garden,150.0826717637815
2018-12-01,New Zealand,Clothing & Footwear,125.8082074817226
2018-12-01,New Zealand,Department Stores,121.2820915972238
2018-12-01,New Zealand,Nonstore / Online,195.165282251229
2018-12-01,New Zealand,Supermarkets & Grocery,163.3843040962789
2018-12-01,United States,Building Materials & Garden,91.44657135934092
2018-12-01,United States,Clothing & Footwear,91.44657135934092
2018-12-01,United States,Department Stores,91.44657135934092
2018-12-01,United States,Electronics & Appliances,91.44657135934092
2018-12-01,United States,Nonstore / Online,91.44657135934092
2018-12-01,United States,Supermarkets & Grocery,91.44657135934092
2019-01-01,Australia,Clothing & Footwear,112.5148245703651
2019-01-01,Australia,Department Stores,99.3369396390124
2019-01-01,Australia,Nonstore / Online,113.723610546779
2019-01-01,Australia,Supermarkets & Grocery,112.9973287161331
2019-01-01,Great Britain,Building Materials & Garden,106.86631362237289
2019-01-01,Great Britain,Clothing & Footwear,99.02777099
2019-01-01,Great Britain,Department Stores,101.15076057213122
2019-01-01,Great Britain,Electronics & Appliances,97.43108937
2019-01-01,Great Britain,Nonstore/Online,146.28660937428543
2019-01-01,Great Britain,Supermarkets & Grocery,101.5273570542399
2019-01-01,New Zealand,Building Materials & Garden,152.066794094539
2019-01-01,New Zealand,Clothing & Footwear,126.7559634985858
2019-01-01,New Zealand,Department Stores,124.1212012308798
2019-01-01,New Zealand,Nonstore / Online,192.1546024749958
2019-01-01,New Zealand,Supermarkets & Grocery,164.7342740618183
2019-01-01,United States,Building Materials & Garden,92.12503028834504
2019-01-01,United States,Clothing & Footwear,92.12503028834504
2019-01-01,United States,Department Stores,92.12503028834504
2019-01-01,United States,Electronics & Appliances,92.12503028834504
2019-01-01,United States,Nonstore / Online,92.12503028834504
2019-01-01,United States,Supermarkets & Grocery,92.12503028834504
2019-02-01,Australia,Clothing & Footwear,114.492322316142
2019-02-01,Australia,Department Stores,100.7830325103101
2019-02-01,Australia,Nonstore / Online,114.1498806589669
2019-02-01,Australia,Supermarkets & Grocery,113.4692667612115
2019-02-01,Great Britain,Building Materials & Garden,110.25897743875284
2019-02-01,Great Britain,Clothing & Footwear,98.56906782610491
2019-02-01,Great Britain,Department Stores,100.25935247811071
2019-02-01,Great Britain,Electronics & Appliances,97.17519387
2019-02-01,Great Britain,Nonstore/Online,153.13800823006903
2019-02-01,Great Britain,Supermarkets & Grocery,100.72415880140238
2019-02-01,New Zealand,Building Materials & Garden,152.066794094539
2019-02-01,New Zealand,Clothing & Footwear,126.7559634985858
2019-02-01,New Zealand,Department Stores,124.1212012308798
2019-02-01,New Zealand,Nonstore / Online,192.1546024749958
2019-02-01,New Zealand,Supermarkets & Grocery,164.7342740618183
2019-02-01,United States,Building Materials & Garden,90.97407317664162
2019-02-01,United States,Clothing & Footwear,90.97407317664162
2019-02-01,United States,Department Stores,90.97407317664162
2019-02-01,United States,Electronics & Appliances,90.97407317664162
2019-02-01,United States,Nonstore / Online,90.97407317664162
2019-02-01,United States,Supermarkets & Grocery,90.97407317664162
2019-03-01,Australia,Clothing & Footwear,114.3484073858564
2019-03-01,Australia,Department Stores,98.8870440790531
2019-03-01,Australia,Nonstore / Online,113.3703318921575
2019-03-01,Australia,Supermarkets & Grocery,113.7219102542941
2019-03-01,Great Britain,Building Materials & Garden,141.31963172235706
2019-03-01,Great Britain,Clothing & Footwear,124.91120638885084
2019-03-01,Great Britain,Department Stores,122.79616553378725
2019-03-01,Great Britain,Electronics & Appliances,123.74319633893148
2019-03-01,Great Britain,Nonstore/Online,196.72866673592952
2019-03-01,Great Britain,Supermarkets & Grocery,126.44624050574808
2019-03-01,New Zealand,Building Materials & Garden,152.066794094539
2019-03-01,New Zealand,Clothing & Footwear,126.7559634985858
2019-03-01,New Zealand,Department Stores,124.1212012308798
2019-03-01,New Zealand,Nonstore / Online,192.1546024749958
2019-03-01,New Zealand,Supermarkets & Grocery,164.7342740618183
2019-03-01,United States,Building Materials & Garden,91.44657135934092
2019-03-01,United States,Clothing & Footwear,91.44657135934092
2019-03-01,United States,Department Stores,91.44657135934092
2019-03-01,United States,Electronics & Appliances,91.44657135934092
2019-03-01,United States,Nonstore / Online,91.44657135934092
2019-03-01,United States,Supermarkets & Grocery,91.44657135934092
2019-04-01,Australia,Clothing & Footwear,113.2077483087775
2019-04-01,Australia,Department Stores,100.7444700337422
2019-04-01,Australia,Nonstore / Online,114.0710498847951
2019-04-01,Australia,Supermarkets & Grocery,113.048867988722
2019-04-01,Great Britain,Building Materials & Garden,108.86465709649656
2019-04-01,Great Britain,Clothing & Footwear,101.32005277151694
2019-04-01,Great Britain,Department Stores,97.90895021127022
2019-04-01,Great Britain,Electronics & Appliances,96.56367971
2019-04-01,Great Britain,Nonstore/Online,158.24153400380715
2019-04-01,Great Britain,Supermarkets & Grocery,101.51689097699744
2019-04-01,New Zealand,Building Materials & Garden,154.2690291637839
2019-04-01,New Zealand,Clothing & Footwear,126.2308554351887
2019-04-01,New Zealand,Department Stores,121.9738999573235
2019-04-01,New Zealand,Nonstore / Online,193.8633666723173
2019-04-01,New Zealand,Supermarkets & Grocery,164.9397730027084
2019-04-01,United States,Building Materials & Garden,89.08408044584444
2019-04-01,United States,Clothing & Footwear,89.08408044584444
2019-04-01,United States,Department Stores,89.08408044584444
2019-04-01,United States,Electronics & Appliances,89.08408044584444
2019-04-01,United States,Nonstore / Online,89.08408044584444
2019-04-01,United States,Supermarkets & Grocery,89.08408044584444
2019-05-01,Australia,Clothing & Footwear,114.5616146899832
2019-05-01,Australia,Department Stores,101.4578758502491
2019-05-01,Australia,Nonstore / Online,114.7717678774327
2019-05-01,Australia,Supermarkets & Grocery,113.3833679735634
2019-05-01,Great Britain,Building Materials & Garden,109.7105415775768
2019-05-01,Great Britain,Clothing & Footwear,96.79266642252946
2019-05-01,Great Britain,Department Stores,98.45714176086904
2019-05-01,Great Britain,Electronics & Appliances,97.59338539
2019-05-01,Great Britain,Nonstore/Online,157.39167866883602
2019-05-01,Great Britain,Supermarkets & Grocery,100.94249873480511
2019-05-01,New Zealand,Building Materials & Garden,154.2690291637839
2019-05-01,New Zealand,Clothing & Footwear,126.2308554351887
2019-05-01,New Zealand,Department Stores,121.9738999573235
2019-05-01,New Zealand,Nonstore / Online,193.8633666723173
2019-05-01,New Zealand,Supermarkets & Grocery,164.9397730027084
2019-05-01,United States,Building Materials & Garden,91.07099588078508
2019-05-01,United States,Clothing & Footwear,91.07099588078508
2019-05-01,United States,Department Stores,91.07099588078508
2019-05-01,United States,Electronics & Appliances,91.07099588078508
2019-05-01,United States,Nonstore / Online,91.07099588078508
2019-05-01,United States,Supermarkets & Grocery,91.07099588078508
2019-06-01,Australia,Clothing & Footwear,116.1553392883318
2019-06-01,Australia,Department Stores,100.8023137485941
2019-06-01,Australia,Nonstore / Online,115.8608004243237
2019-06-01,Australia,Supermarkets & Grocery,112.9649903490185
2019-06-01,Great Britain,Building Materials & Garden,141.69933941902605
2019-06-01,Great Britain,Clothing & Footwear,125.37194057828984
2019-06-01,Great Britain,Department Stores,124.19105412535644
2019-06-01,Great Britain,Electronics & Appliances,123.38932199475649
2019-06-01,Great Britain,Nonstore/Online,199.33628112174625
2019-06-01,Great Britain,Supermarkets & Grocery,126.63192437954623
2019-06-01,New Zealand,Building Materials & Garden,154.2690291637839
2019-06-01,New Zealand,Clothing & Footwear,126.2308554351887
2019-06-01,New Zealand,Department Stores,121.9738999573235
2019-06-01,New Zealand,Nonstore / Online,193.8633666723173
2019-06-01,New Zealand,Supermarkets & Grocery,164.9397730027084
2019-06-01,United States,Building Materials & Garden,90.58638236006784
2019-06-01,United States,Clothing & Footwear,90.58638236006784
2019-06-01,United States,Department Stores,90.58638236006784
2019-06-01,United States,Electronics & Appliances,90.58638236006784
2019-06-01,United States,Nonstore / Online,90.58638236006784
2019-06-01,United States,Supermarkets & Grocery,90.58638236006784
2019-07-01,Australia,Clothing & Footwear,115.606330480205
2019-07-01,Australia,Department Stores,99.68400192812383
2019-07-01,Australia,Nonstore / Online,115.7469337505201
2019-07-01,Australia,Supermarkets & Grocery,113.3985265831484
2019-07-01,Great Britain,Building Materials & Garden,111.14474358071014
2019-07-01,Great Britain,Clothing & Footwear,100.81250216787292
2019-07-01,Great Britain,Department Stores,100.11789085481944
2019-07-01,Great Britain,Electronics & Appliances,94.74168147096675
2019-07-01,Great Britain,Nonstore/Online,175.67548223055203
2019-07-01,Great Britain,Supermarkets & Grocery,102.2817927219508
2019-07-01,New Zealand,Building Materials & Garden,158.2654174044584
2019-07-01,New Zealand,Clothing & Footwear,128.0367148727254
2019-07-01,New Zealand,Department Stores,125.0645762673794
2019-07-01,New Zealand,Nonstore / Online,196.9961010340736
2019-07-01,New Zealand,Supermarkets & Grocery,166.8335247810646
2019-07-01,United States,Building Materials & Garden,90.70753574024717
2019-07-01,United States,Clothing & Footwear,90.70753574024717
2019-07-01,United States,Department Stores,90.70753574024717
2019-07-01,United States,Electronics & Appliances,90.70753574024717
2019-07-01,United States,Nonstore / Online,90.70753574024717
2019-07-01,United States,Supermarkets & Grocery,90.70753574024717
2019-08-01,Australia,Clothing & Footwear,117.5998187737915
2019-08-01,Australia,Department Stores,101.4385946119651
2019-08-01,Australia,Nonstore / Online,116.7483765483313
2019-08-01,Australia,Supermarkets & Grocery,113.7380794378514
2019-08-01,Great Britain,Building Materials & Garden,110.23908702760744
2019-08-01,Great Britain,Clothing & Footwear,99.53812389454548
2019-08-01,Great Britain,Department Stores,99.43190192
2019-08-01,Great Britain,Electronics & Appliances,96.62628967203716
2019-08-01,Great Britain,Nonstore/Online,169.3316053542379
2019-08-01,Great Britain,Supermarkets & Grocery,102.55190136999803
2019-08-01,New Zealand,Building Materials & Garden,158.2654174044584
2019-08-01,New Zealand,Clothing & Footwear,128.0367148727254
2019-08-01,New Zealand,Department Stores,125.0645762673794
2019-08-01,New Zealand,Nonstore / Online,196.9961010340736
2019-08-01,New Zealand,Supermarkets & Grocery,166.8335247810646
2019-08-01,United States,Building Materials & Garden,90.31984492367336
2019-08-01,United States,Clothing & Footwear,90.31984492367336
2019-08-01,United States,Department Stores,90.31984492367336
2019-08-01,United States,Electronics & Appliances,90.31984492367336
2019-08-01,United States,Nonstore / Online,90.31984492367336
2019-08-01,United States,Supermarkets & Grocery,90.31984492367336
2019-09-01,Australia,Clothing & Footwear,116.4111880532841
2019-09-01,Australia,Department Stores,101.0529698462857
2019-09-01,Australia,Nonstore / Online,116.8505645889242
2019-09-01,Australia,Supermarkets & Grocery,114.2059751870404
2019-09-01,Great Britain,Building Materials & Garden,137.83119645864969
2019-09-01,Great Britain,Clothing & Footwear,124.21906388295967
2019-09-01,Great Britain,Department Stores,121.5753835554996
2019-09-01,Great Britain,Electronics & Appliances,124.70298075578616
2019-09-01,Great Britain,Nonstore/Online,210.0446442323945
2019-09-01,Great Britain,Supermarkets & Grocery,129.01893361233908
2019-09-01,New Zealand,Building Materials & Garden,158.2654174044584
2019-09-01,New Zealand,Clothing & Footwear,128.0367148727254
2019-09-01,New Zealand,Department Stores,125.0645762673794
2019-09-01,New Zealand,Nonstore / Online,196.9961010340736
2019-09-01,New Zealand,Supermarkets & Grocery,166.8335247810646
2019-09-01,United States,Building Materials & Garden,90.31984492367336
2019-09-01,United States,Clothing & Footwear,90.31984492367336
2019-09-01,United States,Department Stores,90.31984492367336
2019-09-01,United States,Electronics & Appliances,90.31984492367336
2019-09-01,United States,Nonstore / Online,90.31984492367336
2019-09-01,United States,Supermarkets & Grocery,90.31984492367336
2019-10-01,Australia,Clothing & Footwear,116.0167545406493
2019-10-01,Australia,Department Stores,101.4321675325371
2019-10-01,Australia,Nonstore / Online,116.6286705579223
2019-10-01,Australia,Supermarkets & Grocery,115.1336820936398
2019-10-01,Great Britain,Building Materials & Garden,106.95474906254778
2019-10-01,Great Britain,Clothing & Footwear,98.28603548
2019-10-01,Great Britain,Department Stores,99.10208388170892
2019-10-01,Great Britain,Electronics & Appliances,97.82267072697424
2019-10-01,Great Britain,Nonstore/Online,164.68503102726098
2019-10-01,Great Britain,Supermarkets & Grocery,103.0846113
2019-10-01,New Zealand,Building Materials & Garden,157.25224855471
2019-10-01,New Zealand,Clothing & Footwear,128.805165697209
2019-10-01,New Zealand,Department Stores,124.7321488735653
2019-10-01,New Zealand,Nonstore / Online,193.0903542973385
2019-10-01,New Zealand,Supermarkets & Grocery,167.3804681160489
2019-10-01,United States,Building Materials & Garden,89.55657862854373
2019-10-01,United States,Clothing & Footwear,89.55657862854373
2019-10-01,United States,Department Stores,89.55657862854373
2019-10-01,United States,Electronics & Appliances,89.55657862854373
2019-10-01,United States,Nonstore / Online,89.55657862854373
2019-10-01,United States,Supermarkets & Grocery,89.55657862854373
2019-11-01,Australia,Clothing & Footwear,115.2758591588083
2019-11-01,Australia,Department Stores,102.5826147501473
2019-11-01,Australia,Nonstore / Online,114.786366168946
2019-11-01,Australia,Supermarkets & Grocery,114.7112621732056
2019-11-01,Great Britain,Building Materials & Garden,108.40503482019407
2019-11-01,Great Britain,Clothing & Footwear,96.02902669
2019-11-01,Great Britain,Department Stores,101.02713895470768
2019-11-01,Great Britain,Electronics & Appliances,97.43899448470042
2019-11-01,Great Britain,Nonstore/Online,165.48689294104864
2019-11-01,Great Britain,Supermarkets & Grocery,102.5298142289089
2019-11-01,New Zealand,Building Materials & Garden,157.25224855471
2019-11-01,New Zealand,Clothing & Footwear,128.805165697209
2019-11-01,New Zealand,Department Stores,124.7321488735653
2019-11-01,New Zealand,Nonstore / Online,193.0903542973385
2019-11-01,New Zealand,Supermarkets & Grocery,167.3804681160489
2019-11-01,United States,Building Materials & Garden,89.89580809304579
2019-11-01,United States,Clothing & Footwear,89.89580809304579
2019-11-01,United States,Department Stores,89.89580809304579
2019-11-01,United States,Electronics & Appliances,89.89580809304579
2019-11-01,United States,Nonstore / Online,89.89580809304579
2019-11-01,United States,Supermarkets & Grocery,89.89580809304579
2019-12-01,Australia,Clothing & Footwear,117.6531205998232
2019-12-01,Australia,Department Stores,102.171281666756
2019-12-01,Australia,Nonstore / Online,116.6607867992516
2019-12-01,Australia,Supermarkets & Grocery,116.3999312809699
2019-12-01,Great Britain,Building Materials & Garden,136.33301237251638
2019-12-01,Great Britain,Clothing & Footwear,122.12592539920516
2019-12-01,Great Britain,Department Stores,124.21129994114403
2019-12-01,Great Britain,Electronics & Appliances,123.36868705659587
2019-12-01,Great Britain,Nonstore/Online,207.18337447616776
2019-12-01,Great Britain,Supermarkets & Grocery,129.96098340543332
2019-12-01,New Zealand,Building Materials & Garden,157.25224855471
2019-12-01,New Zealand,Clothing & Footwear,128.805165697209
2019-12-01,New Zealand,Department Stores,124.7321488735653
2019-12-01,New Zealand,Nonstore / Online,193.0903542973385
2019-12-01,New Zealand,Supermarkets & Grocery,167.3804681160489
2019-12-01,United States,Building Materials & Garden,90.16234552944027
2019-12-01,United States,Clothing & Footwear,90.16234552944027
2019-12-01,United States,Department Stores,90.16234552944027
2019-12-01,United States,Electronics & Appliances,90.16234552944027
2019-12-01,United States,Nonstore / Online,90.16234552944027
2019-12-01,United States,Supermarkets & Grocery,90.16234552944027
2020-01-01,Australia,Clothing & Footwear,116.2033109317603
2020-01-01,Australia,Department Stores,100.6801992394623
2020-01-01,Australia,Nonstore / Online,115.7615320420333
2020-01-01,Australia,Supermarkets & Grocery,116.5575808206534
2020-01-01,Great Britain,Building Materials & Garden,139.72118887180653
2020-01-01,Great Britain,Clothing & Footwear,125.36515335514316
2020-01-01,Great Britain,Department Stores,124.88181767205566
2020-01-01,Great Britain,Electronics & Appliances,121.68590042695952
2020-01-01,Great Britain,Nonstore/Online,205.3526958434888
2020-01-01,Great Britain,Supermarkets & Grocery,129.82141197626572
2020-01-01,New Zealand,Building Materials & Garden,160.4324729997537
2020-01-01,New Zealand,Clothing & Footwear,120.9925823149581
2020-01-01,New Zealand,Department Stores,126.4661620358932
2020-01-01,New Zealand,Nonstore / Online,212.8631971520597
2020-01-01,New Zealand,Supermarkets & Grocery,185.3347525055063
2020-01-01,United States,Building Materials & Garden,88.55100557305549
2020-01-01,United States,Clothing & Footwear,88.55100557305549
2020-01-01,United States,Department Stores,88.55100557305549
2020-01-01,United States,Electronics & Appliances,88.55100557305549
2020-01-01,United States,Nonstore / Online,88.55100557305549
2020-01-01,United States,Supermarkets & Grocery,88.55100557305549
2020-02-01,Australia,Clothing & Footwear,112.1470419707462
2020-02-01,Australia,Department Stores,102.2034170638959
2020-02-01,Australia,Nonstore / Online,116.5323218339347
2020-02-01,Australia,Supermarkets & Grocery,116.9254297465817
2020-02-01,Great Britain,Building Materials & Garden,110.71040657991942
2020-02-01,Great Britain,Clothing & Footwear,97.91258395091243
2020-02-01,Great Britain,Department Stores,97.67229254007076
2020-02-01,Great Britain,Electronics & Appliances,97.45383976395264
2020-02-01,Great Britain,Nonstore/Online,162.80906282811307
2020-02-01,Great Britain,Supermarkets & Grocery,103.2601138409382
2020-02-01,New Zealand,Building Materials & Garden,160.4324729997537
2020-02-01,New Zealand,Clothing & Footwear,120.9925823149581
2020-02-01,New Zealand,Department Stores,126.4661620358932
2020-02-01,New Zealand,Nonstore / Online,212.8631971520597
2020-02-01,New Zealand,Supermarkets & Grocery,185.3347525055063
2020-02-01,United States,Building Materials & Garden,87.41216379937
2020-02-01,United States,Clothing & Footwear,87.41216379937
2020-02-01,United States,Department Stores,87.41216379937
2020-02-01,United States,Electronics & Appliances,87.41216379937
2020-02-01,United States,Nonstore / Online,87.41216379937
2020-02-01,United States,Supermarkets & Grocery,87.41216379937
2020-03-01,Australia,Clothing & Footwear,85.33622347678926
2020-03-01,Australia,Department Stores,91.5537464517166
2020-03-01,Australia,Nonstore / Online,134.132022082349
2020-03-01,Australia,Supermarkets & Grocery,144.4221369597219
2020-03-01,Great Britain,Building Materials & Garden,104.00423723739584
2020-03-01,Great Britain,Clothing & Footwear,77.65490813821263
2020-03-01,Great Britain,Department Stores,121.85442049374991
2020-03-01,Great Britain,Electronics & Appliances,110.38485736980437
2020-03-01,Great Britain,Nonstore/Online,208.78076114425585
2020-03-01,Great Britain,Supermarkets & Grocery,139.07167595695833
2020-03-01,New Zealand,Building Materials & Garden,160.4324729997537
2020-03-01,New Zealand,Clothing & Footwear,120.9925823149581
2020-03-01,New Zealand,Department Stores,126.4661620358932
2020-03-01,New Zealand,Nonstore / Online,212.8631971520597
2020-03-01,New Zealand,Supermarkets & Grocery,185.3347525055063
2020-03-01,United States,Building Materials & Garden,71.6622243760601
2020-03-01,United States,Clothing & Footwear,71.6622243760601
2020-03-01,United States,Department Stores,71.6622243760601
2020-03-01,United States,Electronics & Appliances,71.6622243760601
2020-03-01,United States,Nonstore / Online,71.6622243760601
2020-03-01,United States,Supermarkets & Grocery,71.6622243760601
2020-04-01,Australia,Clothing & Footwear,40.15226554969728
2020-04-01,Australia,Department Stores,79.99785764019069
2020-04-01,Australia,Nonstore / Online,115.6972995593749
2020-04-01,Australia,Supermarkets & Grocery,119.8389145088105
2020-04-01,Great Britain,Building Materials & Garden,44.64371269523768
2020-04-01,Great Britain,Clothing & Footwear,30.07567689535617
2020-04-01,Great Britain,Department Stores,73.69228963212514
2020-04-01,Great Britain,Electronics & Appliances,47.10741125515258
2020-04-01,Great Britain,Nonstore/Online,194.9439113856682
2020-04-01,Great Britain,Supermarkets & Grocery,107.50649328920152
2020-04-01,New Zealand,Building Materials & Garden,128.9749873940218
2020-04-01,New Zealand,Clothing & Footwear,95.6593201344789
2020-04-01,New Zealand,Department Stores,101.1208193886031
2020-04-01,New Zealand,Nonstore / Online,232.1885065265299
2020-04-01,New Zealand,Supermarkets & Grocery,185.5434129685639
2020-04-01,United States,Building Materials & Garden,39.94426944511752
2020-04-01,United States,Clothing & Footwear,39.94426944511752
2020-04-01,United States,Department Stores,39.94426944511752
2020-04-01,United States,Electronics & Appliances,39.94426944511752
2020-04-01,United States,Nonstore / Online,39.94426944511752
2020-04-01,United States,Supermarkets & Grocery,39.94426944511752
2020-05-01,Australia,Clothing & Footwear,92.02560264377055
2020-05-01,Australia,Department Stores,112.9302126292111
2020-05-01,Australia,Nonstore / Online,125.7058882208819
2020-05-01,Australia,Supermarkets & Grocery,127.6395350012295
2020-05-01,Great Britain,Building Materials & Garden,56.99180094059712
2020-05-01,Great Britain,Clothing & Footwear,36.13188525813633
2020-05-01,Great Britain,Department Stores,84.85106525253572
2020-05-01,Great Britain,Electronics & Appliances,67.44499847
2020-05-01,Great Britain,Nonstore/Online,238.08509629296248
2020-05-01,Great Britain,Supermarkets & Grocery,109.30078871147737
2020-05-01,New Zealand,Building Materials & Garden,128.9749873940218
2020-05-01,New Zealand,Clothing & Footwear,95.6593201344789
2020-05-01,New Zealand,Department Stores,101.1208193886031
2020-05-01,New Zealand,Nonstore / Online,232.1885065265299
2020-05-01,New Zealand,Supermarkets & Grocery,185.5434129685639
2020-05-01,United States,Building Materials & Garden,49.2488490428883
2020-05-01,United States,Clothing & Footwear,49.2488490428883
2020-05-01,United States,Department Stores,49.2488490428883
2020-05-01,United States,Electronics & Appliances,49.2488490428883
2020-05-01,United States,Nonstore / Online,49.2488490428883
2020-05-01,United States,Supermarkets & Grocery,49.2488490428883
2020-06-01,Australia,Clothing & Footwear,111.4168069541116
2020-06-01,Australia,Department Stores,100.6801992394623
2020-06-01,Australia,Nonstore / Online,126.4095258718221
2020-06-01,Australia,Supermarkets & Grocery,128.2640697161298
2020-06-01,Great Britain,Building Materials & Garden,115.74351251803908
2020-06-01,Great Britain,Clothing & Footwear,79.69349174500772
2020-06-01,Great Britain,Department Stores,115.31672456752024
2020-06-01,Great Britain,Electronics & Appliances,120.8760162173542
2020-06-01,Great Britain,Nonstore/Online,300.88495263659814
2020-06-01,Great Britain,Supermarkets & Grocery,135.6206471813175
2020-06-01,New Zealand,Building Materials & Garden,128.9749873940218
2020-06-01,New Zealand,Clothing & Footwear,95.6593201344789
2020-06-01,New Zealand,Department Stores,101.1208193886031
2020-06-01,New Zealand,Nonstore / Online,232.1885065265299
2020-06-01,New Zealand,Supermarkets & Grocery,185.5434129685639
2020-06-01,United States,Building Materials & Garden,69.43300218076084
2020-06-01,United States,Clothing & Footwear,69.43300218076084
2020-06-01,United States,Department Stores,69.43300218076084
2020-06-01,United States,Electronics & Appliances,69.43300218076084
2020-06-01,United States,Nonstore / Online,69.43300218076084
2020-06-01,United States,Supermarkets & Grocery,69.43300218076084
2020-07-01,Australia,Clothing & Footwear,120.307551536203
2020-07-01,Australia,Department Stores,104.8770821059397
2020-07-01,Australia,Nonstore / Online,133.2064904004068
2020-07-01,Australia,Supermarkets & Grocery,130.7217856168375
2020-07-01,Great Britain,Building Materials & Garden,113.74746312175336
2020-07-01,Great Britain,Clothing & Footwear,76.35610614522854
2020-07-01,Great Britain,Department Stores,93.62927345095606
2020-07-01,Great Britain,Electronics & Appliances,106.24094611933732
2020-07-01,Great Britain,Nonstore/Online,232.33944727224545
2020-07-01,Great Britain,Supermarkets & Grocery,106.33943470169515
2020-07-01,New Zealand,Building Materials & Garden,183.5383514898507
2020-07-01,New Zealand,Clothing & Footwear,133.6464058914563
2020-07-01,New Zealand,Department Stores,139.4218458704881
2020-07-01,New Zealand,Nonstore / Online,237.7216477369045
2020-07-01,New Zealand,Supermarkets & Grocery,180.7473838404064
2020-07-01,United States,Building Materials & Garden,79.10104191906953
2020-07-01,United States,Clothing & Footwear,79.10104191906953
2020-07-01,United States,Department Stores,79.10104191906953
2020-07-01,United States,Electronics & Appliances,79.10104191906953
2020-07-01,United States,Nonstore / Online,79.10104191906953
2020-07-01,United States,Supermarkets & Grocery,79.10104191906953
2020-08-01,Australia,Clothing & Footwear,106.1878978203995
2020-08-01,Australia,Department Stores,94.31096352632429
2020-08-01,Australia,Nonstore / Online,126.7715635013516
2020-08-01,Australia,Supermarkets & Grocery,130.1801179676684
2020-08-01,Great Britain,Building Materials & Garden,109.5596618428428
2020-08-01,Great Britain,Clothing & Footwear,83.75058009012226
2020-08-01,Great Britain,Department Stores,95.22225273008536
2020-08-01,Great Britain,Electronics & Appliances,108.26665869970012
2020-08-01,Great Britain,Nonstore/Online,225.82239695100955
2020-08-01,Great Britain,Supermarkets & Grocery,107.8360362821638
2020-08-01,New Zealand,Building Materials & Garden,183.5383514898507
2020-08-01,New Zealand,Clothing & Footwear,133.6464058914563
2020-08-01,New Zealand,Department Stores,139.4218458704881
2020-08-01,New Zealand,Nonstore / Online,237.7216477369045
2020-08-01,New Zealand,Supermarkets & Grocery,180.7473838404064
2020-08-01,United States,Building Materials & Garden,80.49430579113157
2020-08-01,United States,Clothing & Footwear,80.49430579113157
2020-08-01,United States,Department Stores,80.49430579113157
2020-08-01,United States,Electronics & Appliances,80.49430579113157
2020-08-01,United States,Nonstore / Online,80.49430579113157
2020-08-01,United States,Supermarkets & Grocery,80.49430579113157
2020-09-01,Australia,Clothing & Footwear,104.9886067346857
2020-09-01,Australia,Department Stores,94.9793797868352
2020-09-01,Australia,Nonstore / Online,125.2358232341541
2020-09-01,Australia,Supermarkets & Grocery,128.5096391914061
2020-09-01,Great Britain,Building Materials & Garden,146.9085347384518
2020-09-01,Great Britain,Clothing & Footwear,106.74540931015484
2020-09-01,Great Britain,Department Stores,121.0438846
2020-09-01,Great Britain,Electronics & Appliances,139.49975305805796
2020-09-01,Great Britain,Nonstore/Online,277.77083937050463
2020-09-01,Great Britain,Supermarkets & Grocery,135.5428438028749
2020-09-01,New Zealand,Building Materials & Garden,183.5383514898507
2020-09-01,New Zealand,Clothing & Footwear,133.6464058914563
2020-09-01,New Zealand,Department Stores,139.4218458704881
2020-09-01,New Zealand,Nonstore / Online,237.7216477369045
2020-09-01,New Zealand,Supermarkets & Grocery,180.7473838404064
2020-09-01,United States,Building Materials & Garden,78.15604555367095
2020-09-01,United States,Clothing & Footwear,78.15604555367095
2020-09-01,United States,Department Stores,78.15604555367095
2020-09-01,United States,Electronics & Appliances,78.15604555367095
2020-09-01,United States,Nonstore / Online,78.15604555367095
2020-09-01,United States,Supermarkets & Grocery,78.15604555367095
2020-10-01,Australia,Clothing & Footwear,112.9199184482061
2020-10-01,Australia,Department Stores,102.2226983021799
2020-10-01,Australia,Nonstore / Online,128.0591328128231
2020-10-01,Australia,Supermarkets & Grocery,128.900731318698
2020-10-01,Great Britain,Building Materials & Garden,118.42284417501494
2020-10-01,Great Britain,Clothing & Footwear,84.94315175718916
2020-10-01,Great Britain,Department Stores,99.59497881560992
2020-10-01,Great Britain,Electronics & Appliances,115.98895028752058
2020-10-01,Great Britain,Nonstore/Online,236.9215516
2020-10-01,Great Britain,Supermarkets & Grocery,107.14544131237172
2020-10-01,New Zealand,Building Materials & Garden,182.4055724286736
2020-10-01,New Zealand,Clothing & Footwear,137.8728854261167
2020-10-01,New Zealand,Department Stores,136.6905505267177
2020-10-01,New Zealand,Nonstore / Online,228.7302932700458
2020-10-01,New Zealand,Supermarkets & Grocery,172.9826853969291
2020-10-01,United States,Building Materials & Garden,83.23237218318391
2020-10-01,United States,Clothing & Footwear,83.23237218318391
2020-10-01,United States,Department Stores,83.23237218318391
2020-10-01,United States,Electronics & Appliances,83.23237218318391
2020-10-01,United States,Nonstore / Online,83.23237218318391
2020-10-01,United States,Supermarkets & Grocery,83.23237218318391
2020-11-01,Australia,Clothing & Footwear,133.110650149023
2020-11-01,Australia,Department Stores,117.6669701676397
2020-11-01,Australia,Nonstore / Online,134.683837501551
2020-11-01,Australia,Supermarkets & Grocery,127.6546936108145
2020-11-01,Great Britain,Building Materials & Garden,102.98821285160052
2020-11-01,Great Britain,Clothing & Footwear,65.00840893670758
2020-11-01,Great Britain,Department Stores,98.70046167492364
2020-11-01,Great Britain,Electronics & Appliances,110.66309501618925
2020-11-01,Great Britain,Nonstore/Online,233.2362398351522
2020-11-01,Great Britain,Supermarkets & Grocery,108.98993909759594
2020-11-01,New Zealand,Building Materials & Garden,182.4055724286736
2020-11-01,New Zealand,Clothing & Footwear,137.8728854261167
2020-11-01,New Zealand,Department Stores,136.6905505267177
2020-11-01,New Zealand,Nonstore / Online,228.7302932700458
2020-11-01,New Zealand,Supermarkets & Grocery,172.9826853969291
2020-11-01,United States,Building Materials & Garden,79.93700024230675
2020-11-01,United States,Clothing & Footwear,79.93700024230675
2020-11-01,United States,Department Stores,79.93700024230675
2020-11-01,United States,Electronics & Appliances,79.93700024230675
2020-11-01,United States,Nonstore / Online,79.93700024230675
2020-11-01,United States,Supermarkets & Grocery,79.93700024230675
2020-12-01,Australia,Clothing & Footwear,131.3570200725793
2020-12-01,Australia,Department Stores,109.4595897380965
2020-12-01,Australia,Nonstore / Online,133.0167126107341
2020-12-01,Australia,Supermarkets & Grocery,128.763293258461
2020-12-01,Great Britain,Building Materials & Garden,142.76364027800693
2020-12-01,Great Britain,Clothing & Footwear,106.91735229653774
2020-12-01,Great Britain,Department Stores,117.9186265
2020-12-01,Great Britain,Electronics & Appliances,139.58400001781433
2020-12-01,Great Britain,Nonstore/Online,275.19491078212417
2020-12-01,Great Britain,Supermarkets & Grocery,130.87725959334543
2020-12-01,New Zealand,Building Materials & Garden,182.4055724286736
2020-12-01,New Zealand,Clothing & Footwear,137.8728854261167
2020-12-01,New Zealand,Department Stores,136.6905505267177
2020-12-01,New Zealand,Nonstore / Online,228.7302932700458
2020-12-01,New Zealand,Supermarkets & Grocery,172.9826853969291
2020-12-01,United States,Building Materials & Garden,76.50835958323238
2020-12-01,United States,Clothing & Footwear,76.50835958323238
2020-12-01,United States,Department Stores,76.50835958323238
2020-12-01,United States,Electronics & Appliances,76.50835958323238
2020-12-01,United States,Nonstore / Online,76.50835958323238
2020-12-01,United States,Supermarkets & Grocery,76.50835958323238
2021-01-01,Australia,Clothing & Footwear,125.3019326353755
2021-01-01,Australia,Department Stores,108.0006427079428
2021-01-01,Australia,Nonstore / Online,133.2444459583413
2021-01-01,Australia,Supermarkets & Grocery,128.8471708981645
2021-01-01,Great Britain,Building Materials & Garden,86.09159849453032
2021-01-01,Great Britain,Clothing & Footwear,52.77880977515246
2021-01-01,Great Britain,Department Stores,83.29576465799839
2021-01-01,Great Britain,Electronics & Appliances,88.3809989
2021-01-01,Great Britain,Nonstore/Online,241.9780133659848
2021-01-01,Great Britain,Supermarkets & Grocery,109.0831449
2021-01-01,New Zealand,Building Materials & Garden,188.4986573167442
2021-01-01,New Zealand,Clothing & Footwear,136.8226692993223
2021-01-01,New Zealand,Department Stores,141.4703173783158
2021-01-01,New Zealand,Nonstore / Online,225.3941345990846
2021-01-01,New Zealand,Supermarkets & Grocery,175.4170574659346
2021-01-01,United States,Building Materials & Garden,86.539859462079
2021-01-01,United States,Clothing & Footwear,86.539859462079
2021-01-01,United States,Department Stores,86.539859462079
2021-01-01,United States,Electronics & Appliances,86.539859462079
2021-01-01,United States,Nonstore / Online,86.539859462079
2021-01-01,United States,Supermarkets & Grocery,86.539859462079
2021-02-01,Australia,Clothing & Footwear,127.0662230770256
2021-02-01,Australia,Department Stores,107.4607680359917
2021-02-01,Australia,Nonstore / Online,132.8882476454172
2021-02-01,Australia,Supermarkets & Grocery,125.3040985511738
2021-02-01,Great Britain,Building Materials & Garden,81.80984086284552
2021-02-01,Great Britain,Clothing & Footwear,49.006502001234594
2021-02-01,Great Britain,Department Stores,93.70377953355296
2021-02-01,Great Britain,Electronics & Appliances,99.91585510153848
2021-02-01,Great Britain,Nonstore/Online,235.46396263357283
2021-02-01,Great Britain,Supermarkets & Grocery,110.13195979056532
2021-02-01,New Zealand,Building Materials & Garden,188.4986573167442
2021-02-01,New Zealand,Clothing & Footwear,136.8226692993223
2021-02-01,New Zealand,Department Stores,141.4703173783158
2021-02-01,New Zealand,Nonstore / Online,225.3941345990846
2021-02-01,New Zealand,Supermarkets & Grocery,175.4170574659346
2021-02-01,United States,Building Materials & Garden,83.22025684516599
2021-02-01,United States,Clothing & Footwear,83.22025684516599
2021-02-01,United States,Department Stores,83.22025684516599
2021-02-01,United States,Electronics & Appliances,83.22025684516599
2021-02-01,United States,Nonstore / Online,83.22025684516599
2021-02-01,United States,Supermarkets & Grocery,83.22025684516599
2021-03-01,Australia,Clothing & Footwear,132.3750849497852
2021-03-01,Australia,Department Stores,114.8262010604681
2021-03-01,Australia,Nonstore / Online,133.6385998292
2021-03-01,Australia,Supermarkets & Grocery,123.8054173502077
2021-03-01,Great Britain,Building Materials & Garden,115.61262403303672
2021-03-01,Great Britain,Clothing & Footwear,70.54526618287278
2021-03-01,Great Britain,Department Stores,121.68397811403872
2021-03-01,Great Britain,Electronics & Appliances,131.21530785815375
2021-03-01,Great Britain,Nonstore/Online,291.27021426253094
2021-03-01,Great Britain,Supermarkets & Grocery,138.76902991231378
2021-03-01,New Zealand,Building Materials & Garden,188.4986573167442
2021-03-01,New Zealand,Clothing & Footwear,136.8226692993223
2021-03-01,New Zealand,Department Stores,141.4703173783158
2021-03-01,New Zealand,Nonstore / Online,225.3941345990846
2021-03-01,New Zealand,Supermarkets & Grocery,175.4170574659346
2021-03-01,United States,Building Materials & Garden,97.63750908650351
2021-03-01,United States,Clothing & Footwear,97.63750908650351
2021-03-01,United States,Department Stores,97.63750908650351
2021-03-01,United States,Electronics & Appliances,97.63750908650351
2021-03-01,United States,Nonstore / Online,97.63750908650351
2021-03-01,United States,Supermarkets & Grocery,97.63750908650351
2021-04-01,Australia,Clothing & Footwear,134.9495631471175
2021-04-01,Australia,Department Stores,109.9930373306197
2021-04-01,Australia,Nonstore / Online,135.653164058033
2021-04-01,Australia,Supermarkets & Grocery,124.99890521153
2021-04-01,Great Britain,Building Materials & Garden,114.90509009234418
2021-04-01,Great Britain,Clothing & Footwear,93.78808613954554
2021-04-01,Great Britain,Department Stores,99.77019580270064
2021-04-01,Great Britain,Electronics & Appliances,117.63488351141328
2021-04-01,Great Britain,Nonstore/Online,231.8775950888141
2021-04-01,Great Britain,Supermarkets & Grocery,110.65693284565738
2021-04-01,New Zealand,Building Materials & Garden,196.5899363251522
2021-04-01,New Zealand,Clothing & Footwear,150.6547841400288
2021-04-01,New Zealand,Department Stores,142.898856719301
2021-04-01,New Zealand,Nonstore / Online,224.5804373622648
2021-04-01,New Zealand,Supermarkets & Grocery,179.479613451223
2021-04-01,United States,Building Materials & Garden,98.03731524109524
2021-04-01,United States,Clothing & Footwear,98.03731524109524
2021-04-01,United States,Department Stores,98.03731524109524
2021-04-01,United States,Electronics & Appliances,98.03731524109524
2021-04-01,United States,Nonstore / Online,98.03731524109524
2021-04-01,United States,Supermarkets & Grocery,98.03731524109524
2021-05-01,Australia,Clothing & Footwear,134.7150351125779
2021-05-01,Australia,Department Stores,107.248674414868
2021-05-01,Australia,Nonstore / Online,136.1173897281555
2021-05-01,Australia,Supermarkets & Grocery,126.185319055046
2021-05-01,Great Britain,Building Materials & Garden,125.23194450449242
2021-05-01,Great Britain,Clothing & Footwear,92.01626096975836
2021-05-01,Great Britain,Department Stores,97.06069865
2021-05-01,Great Britain,Electronics & Appliances,122.56496363788024
2021-05-01,Great Britain,Nonstore/Online,221.2434612396266
2021-05-01,Great Britain,Supermarkets & Grocery,105.07837919068548
2021-05-01,New Zealand,Building Materials & Garden,196.5899363251522
2021-05-01,New Zealand,Clothing & Footwear,150.6547841400288
2021-05-01,New Zealand,Department Stores,142.898856719301
2021-05-01,New Zealand,Nonstore / Online,224.5804373622648
2021-05-01,New Zealand,Supermarkets & Grocery,179.479613451223
2021-05-01,United States,Building Materials & Garden,96.19578386236977
2021-05-01,United States,Clothing & Footwear,96.19578386236977
2021-05-01,United States,Department Stores,96.19578386236977
2021-05-01,United States,Electronics & Appliances,96.19578386236977
2021-05-01,United States,Nonstore / Online,96.19578386236977
2021-05-01,United States,Supermarkets & Grocery,96.19578386236977
2021-06-01,Australia,Clothing & Footwear,122.9086806465511
2021-06-01,Australia,Department Stores,100.898719940014
2021-06-01,Australia,Nonstore / Online,134.9320084572769
2021-06-01,Australia,Supermarkets & Grocery,128.2933763613273
2021-06-01,Great Britain,Building Materials & Garden,160.7499668178027
2021-06-01,Great Britain,Clothing & Footwear,116.647248
2021-06-01,Great Britain,Department Stores,120.12812233259682
2021-06-01,Great Britain,Electronics & Appliances,143.28819409683038
2021-06-01,Great Britain,Nonstore/Online,276.7394877878184
2021-06-01,Great Britain,Supermarkets & Grocery,136.4816501404367
2021-06-01,New Zealand,Building Materials & Garden,196.5899363251522
2021-06-01,New Zealand,Clothing & Footwear,150.6547841400288
2021-06-01,New Zealand,Department Stores,142.898856719301
2021-06-01,New Zealand,Nonstore / Online,224.5804373622648
2021-06-01,New Zealand,Supermarkets & Grocery,179.479613451223
2021-06-01,United States,Building Materials & Garden,100.4119214926097
2021-06-01,United States,Clothing & Footwear,100.4119214926097
2021-06-01,United States,Department Stores,100.4119214926097
2021-06-01,United States,Electronics & Appliances,100.4119214926097
2021-06-01,United States,Nonstore / Online,100.4119214926097
2021-06-01,United States,Supermarkets & Grocery,100.4119214926097
2021-07-01,Australia,Clothing & Footwear,105.1751631257967
2021-07-01,Australia,Department Stores,89.77344545016336
2021-07-01,Australia,Nonstore / Online,136.4473111163556
2021-07-01,Australia,Supermarkets & Grocery,130.6510454387744
2021-07-01,Great Britain,Building Materials & Garden,120.65503233074148
2021-07-01,Great Britain,Clothing & Footwear,91.83915043847968
2021-07-01,Great Britain,Department Stores,94.27954536608009
2021-07-01,Great Britain,Electronics & Appliances,111.86452346607209
2021-07-01,Great Britain,Nonstore/Online,210.8647994132354
2021-07-01,Great Britain,Supermarkets & Grocery,108.3730813205302
2021-07-01,New Zealand,Building Materials & Garden,169.3539875933722
2021-07-01,New Zealand,Clothing & Footwear,127.281071561983
2021-07-01,New Zealand,Department Stores,113.2858650973698
2021-07-01,New Zealand,Nonstore / Online,234.8330225461943
2021-07-01,New Zealand,Supermarkets & Grocery,195.6223456386802
2021-07-01,United States,Building Materials & Garden,98.12212260722076
2021-07-01,United States,Clothing & Footwear,98.12212260722076
2021-07-01,United States,Department Stores,98.12212260722076
2021-07-01,United States,Electronics & Appliances,98.12212260722076
2021-07-01,United States,Nonstore / Online,98.12212260722076
2021-07-01,United States,Supermarkets & Grocery,98.12212260722076
2021-08-01,Australia,Clothing & Footwear,86.8340047882807
2021-08-01,Australia,Department Stores,78.29468159177337
2021-08-01,Australia,Nonstore / Online,137.6239334123263
2021-08-01,Australia,Supermarkets & Grocery,133.603942585924
2021-08-01,Great Britain,Building Materials & Garden,122.6622496004586
2021-08-01,Great Britain,Clothing & Footwear,95.02953095510436
2021-08-01,Great Britain,Department Stores,94.83291866
2021-08-01,Great Britain,Electronics & Appliances,109.85558605126428
2021-08-01,Great Britain,Nonstore/Online,211.17430628259305
2021-08-01,Great Britain,Supermarkets & Grocery,107.95651878889292
2021-08-01,New Zealand,Building Materials & Garden,169.3539875933722
2021-08-01,New Zealand,Clothing & Footwear,127.281071561983
2021-08-01,New Zealand,Department Stores,113.2858650973698
2021-08-01,New Zealand,Nonstore / Online,234.8330225461943
2021-08-01,New Zealand,Supermarkets & Grocery,195.6223456386802
2021-08-01,United States,Building Materials & Garden,94.76617397625394
2021-08-01,United States,Clothing & Footwear,94.76617397625394
2021-08-01,United States,Department Stores,94.76617397625394
2021-08-01,United States,Electronics & Appliances,94.76617397625394
2021-08-01,United States,Nonstore / Online,94.76617397625394
2021-08-01,United States,Supermarkets & Grocery,94.76617397625394
2021-09-01,Australia,Clothing & Footwear,93.66196870294448
2021-09-01,Australia,Department Stores,79.45798296823953
2021-09-01,Australia,Nonstore / Online,140.7508874544716
2021-09-01,Australia,Supermarkets & Grocery,132.4367296478823
2021-09-01,Great Britain,Building Materials & Garden,153.3052304596563
2021-09-01,Great Britain,Clothing & Footwear,121.09138805290615
2021-09-01,Great Britain,Department Stores,121.5706829730407
2021-09-01,Great Britain,Electronics & Appliances,131.3926347188216
2021-09-01,Great Britain,Nonstore/Online,267.4365799082542
2021-09-01,Great Britain,Supermarkets & Grocery,134.83374531481363
2021-09-01,New Zealand,Building Materials & Garden,169.3539875933722
2021-09-01,New Zealand,Clothing & Footwear,127.281071561983
2021-09-01,New Zealand,Department Stores,113.2858650973698
2021-09-01,New Zealand,Nonstore / Online,234.8330225461943
2021-09-01,New Zealand,Supermarkets & Grocery,195.6223456386802
2021-09-01,United States,Building Materials & Garden,93.59098618851466
2021-09-01,United States,Clothing & Footwear,93.59098618851466
2021-09-01,United States,Department Stores,93.59098618851466
2021-09-01,United States,Electronics & Appliances,93.59098618851466
2021-09-01,United States,Nonstore / Online,93.59098618851466
2021-09-01,United States,Supermarkets & Grocery,93.59098618851466
2021-10-01,Australia,Clothing & Footwear,118.7138269378545
2021-10-01,Australia,Department Stores,98.30217985110602
2021-10-01,Australia,Nonstore / Online,143.8369662803796
2021-10-01,Australia,Supermarkets & Grocery,131.735391311085
2021-10-01,Great Britain,Building Materials & Garden,126.24834703498632
2021-10-01,Great Britain,Clothing & Footwear,100.04963371169175
2021-10-01,Great Britain,Department Stores,98.65445518676272
2021-10-01,Great Britain,Electronics & Appliances,109.06559451585696
2021-10-01,Great Britain,Nonstore/Online,210.3244509476219
2021-10-01,Great Britain,Supermarkets & Grocery,108.6416394386156
2021-10-01,New Zealand,Building Materials & Garden,220.8215579816363
2021-10-01,New Zealand,Clothing & Footwear,151.3591973958056
2021-10-01,New Zealand,Department Stores,135.8549897801038
2021-10-01,New Zealand,Nonstore / Online,260.2203763349721
2021-10-01,New Zealand,Supermarkets & Grocery,187.1052049193285
2021-10-01,United States,Building Materials & Garden,99.28519505694209
2021-10-01,United States,Clothing & Footwear,99.28519505694209
2021-10-01,United States,Department Stores,99.28519505694209
2021-10-01,United States,Electronics & Appliances,99.28519505694209
2021-10-01,United States,Nonstore / Online,99.28519505694209
2021-10-01,United States,Supermarkets & Grocery,99.28519505694209
2021-11-01,Australia,Clothing & Footwear,152.2193547813959
2021-11-01,Australia,Department Stores,118.8045632263939
2021-11-01,Australia,Nonstore / Online,149.8018281927071
2021-11-01,Australia,Supermarkets & Grocery,126.8401709891161
2021-11-01,Great Britain,Building Materials & Garden,127.31431173064097
2021-11-01,Great Britain,Clothing & Footwear,101.09962227432092
2021-11-01,Great Britain,Department Stores,96.50414228033894
2021-11-01,Great Britain,Electronics & Appliances,105.92570661441624
2021-11-01,Great Britain,Nonstore/Online,213.9479542
2021-11-01,Great Britain,Supermarkets & Grocery,108.68007043124136
2021-11-01,New Zealand,Building Materials & Garden,220.8215579816363
2021-11-01,New Zealand,Clothing & Footwear,151.3591973958056
2021-11-01,New Zealand,Department Stores,135.8549897801038
2021-11-01,New Zealand,Nonstore / Online,260.2203763349721
2021-11-01,New Zealand,Supermarkets & Grocery,187.1052049193285
2021-11-01,United States,Building Materials & Garden,88.55100557305549
2021-11-01,United States,Clothing & Footwear,88.55100557305549
2021-11-01,United States,Department Stores,88.55100557305549
2021-11-01,United States,Electronics & Appliances,88.55100557305549
2021-11-01,United States,Nonstore / Online,88.55100557305549
2021-11-01,United States,Supermarkets & Grocery,88.55100557305549
2021-12-01,Australia,Clothing & Footwear,141.1805466102259
2021-12-01,Australia,Department Stores,100.9115740988699
2021-12-01,Australia,Nonstore / Online,150.4383137026863
2021-12-01,Australia,Supermarkets & Grocery,132.8601601422888
2021-12-01,Great Britain,Building Materials & Garden,153.4018842446137
2021-12-01,Great Britain,Clothing & Footwear,124.32120644948168
2021-12-01,Great Britain,Department Stores,120.76340420129672
2021-12-01,Great Britain,Electronics & Appliances,139.2902862
2021-12-01,Great Britain,Nonstore/Online,280.59898690647793
2021-12-01,Great Britain,Supermarkets & Grocery,138.00637485363168
2021-12-01,New Zealand,Building Materials & Garden,220.8215579816363
2021-12-01,New Zealand,Clothing & Footwear,151.3591973958056
2021-12-01,New Zealand,Department Stores,135.8549897801038
2021-12-01,New Zealand,Nonstore / Online,260.2203763349721
2021-12-01,New Zealand,Supermarkets & Grocery,187.1052049193285
2021-12-01,United States,Building Materials & Garden,87.66658589774656
2021-12-01,United States,Clothing & Footwear,87.66658589774656
2021-12-01,United States,Department Stores,87.66658589774656
2021-12-01,United States,Electronics & Appliances,87.66658589774656
2021-12-01,United States,Nonstore / Online,87.66658589774656
2021-12-01,United States,Supermarkets & Grocery,87.66658589774656
2022-01-01,Australia,Clothing & Footwear,134.8216387646413
2022-01-01,Australia,Department Stores,104.1508221305768
2022-01-01,Australia,Nonstore / Online,153.6995720267538
2022-01-01,Australia,Supermarkets & Grocery,134.6690875527604
2022-01-01,Great Britain,Building Materials & Garden,130.25521868044893
2022-01-01,Great Britain,Clothing & Footwear,92.96737203154592
2022-01-01,Great Britain,Department Stores,96.83936413333444
2022-01-01,Great Britain,Electronics & Appliances,109.72706304613811
2022-01-01,Great Britain,Nonstore/Online,234.19386912913663
2022-01-01,Great Britain,Supermarkets & Grocery,108.3213363384872
2022-01-01,New Zealand,Building Materials & Garden,215.748677838104
2022-01-01,New Zealand,Clothing & Footwear,148.746464592561
2022-01-01,New Zealand,Department Stores,136.7803957682891
2022-01-01,New Zealand,Nonstore / Online,236.8672656382438
2022-01-01,New Zealand,Supermarkets & Grocery,191.132984160774
2022-01-01,United States,Building Materials & Garden,88.3571601647686
2022-01-01,United States,Clothing & Footwear,88.3571601647686
2022-01-01,United States,Department Stores,88.3571601647686
2022-01-01,United States,Electronics & Appliances,88.3571601647686
2022-01-01,United States,Nonstore / Online,88.3571601647686
2022-01-01,United States,Supermarkets & Grocery,88.3571601647686
2022-02-01,Australia,Clothing & Footwear,149.3730372713019
2022-02-01,Australia,Department Stores,112.345348401264
2022-02-01,Australia,Nonstore / Online,152.1433941514378
2022-02-01,Australia,Supermarkets & Grocery,130.7571557058691
2022-02-01,Great Britain,Building Materials & Garden,123.5815445723568
2022-02-01,Great Britain,Clothing & Footwear,100.40290353464142
2022-02-01,Great Britain,Department Stores,98.95281262929302
2022-02-01,Great Britain,Electronics & Appliances,108.56798075532224
2022-02-01,Great Britain,Nonstore/Online,222.3918390341775
2022-02-01,Great Britain,Supermarkets & Grocery,108.1335165305579
2022-02-01,New Zealand,Building Materials & Garden,215.748677838104
2022-02-01,New Zealand,Clothing & Footwear,148.746464592561
2022-02-01,New Zealand,Department Stores,136.7803957682891
2022-02-01,New Zealand,Nonstore / Online,236.8672656382438
2022-02-01,New Zealand,Supermarkets & Grocery,191.132984160774
2022-02-01,United States,Building Materials & Garden,90.46522897988854
2022-02-01,United States,Clothing & Footwear,90.46522897988854
2022-02-01,United States,Department Stores,90.46522897988854
2022-02-01,United States,Electronics & Appliances,90.46522897988854
2022-02-01,United States,Nonstore / Online,90.46522897988854
2022-02-01,United States,Supermarkets & Grocery,90.46522897988854
2022-03-01,Australia,Clothing & Footwear,151.4411481213327
2022-03-01,Australia,Department Stores,116.0602003106422
2022-03-01,Australia,Nonstore / Online,154.0995652142178
2022-03-01,Australia,Supermarkets & Grocery,130.6702463442487
2022-03-01,Great Britain,Building Materials & Garden,162.5704310257137
2022-03-01,Great Britain,Clothing & Footwear,126.65521422740802
2022-03-01,Great Britain,Department Stores,126.7224473230954
2022-03-01,Great Britain,Electronics & Appliances,140.98691602034805
2022-03-01,Great Britain,Nonstore/Online,255.2216627488352
2022-03-01,Great Britain,Supermarkets & Grocery,136.50062831073498
2022-03-01,New Zealand,Building Materials & Garden,215.748677838104
2022-03-01,New Zealand,Clothing & Footwear,148.746464592561
2022-03-01,New Zealand,Department Stores,136.7803957682891
2022-03-01,New Zealand,Nonstore / Online,236.8672656382438
2022-03-01,New Zealand,Supermarkets & Grocery,191.132984160774
2022-03-01,United States,Building Materials & Garden,98.35231402956144
2022-03-01,United States,Clothing & Footwear,98.35231402956144
2022-03-01,United States,Department Stores,98.35231402956144
2022-03-01,United States,Electronics & Appliances,98.35231402956144
2022-03-01,United States,Nonstore / Online,98.35231402956144
2022-03-01,United States,Supermarkets & Grocery,98.35231402956144
2022-04-01,Australia,Clothing & Footwear,154.2714750836172
2022-04-01,Australia,Department Stores,116.3494188849017
2022-04-01,Australia,Nonstore / Online,155.3871345256893
2022-04-01,Australia,Supermarkets & Grocery,132.9116994148777
2022-04-01,Great Britain,Building Materials & Garden,123.52472202898328
2022-04-01,Great Britain,Clothing & Footwear,102.59067750477082
2022-04-01,Great Britain,Department Stores,99.57976669442397
2022-04-01,Great Britain,Electronics & Appliances,109.30230249353374
2022-04-01,Great Britain,Nonstore/Online,217.0621611622041
2022-04-01,Great Britain,Supermarkets & Grocery,109.5182901
2022-04-01,New Zealand,Building Materials & Garden,214.0178477197838
2022-04-01,New Zealand,Clothing & Footwear,156.7383531671914
2022-04-01,New Zealand,Department Stores,137.741739853103
2022-04-01,New Zealand,Nonstore / Online,240.6916426512968
2022-04-01,New Zealand,Supermarkets & Grocery,187.7090556533286
2022-04-01,United States,Building Materials & Garden,100.7511509571117
2022-04-01,United States,Clothing & Footwear,100.7511509571117
2022-04-01,United States,Department Stores,100.7511509571117
2022-04-01,United States,Electronics & Appliances,100.7511509571117
2022-04-01,United States,Nonstore / Online,100.7511509571117
2022-04-01,United States,Supermarkets & Grocery,100.7511509571117
2022-05-01,Australia,Clothing & Footwear,153.6798248146651
2022-05-01,Australia,Department Stores,118.3739489047186
2022-05-01,Australia,Nonstore / Online,156.7009807618848
2022-05-01,Australia,Supermarkets & Grocery,133.3088549860036
2022-05-01,Great Britain,Building Materials & Garden,123.6898452140305
2022-05-01,Great Britain,Clothing & Footwear,105.4227234902644
2022-05-01,Great Britain,Department Stores,98.43426806039966
2022-05-01,Great Britain,Electronics & Appliances,109.15166002232172
2022-05-01,Great Britain,Nonstore/Online,211.96188846366945
2022-05-01,Great Britain,Supermarkets & Grocery,108.56423951439776
2022-05-01,New Zealand,Building Materials & Garden,214.0178477197838
2022-05-01,New Zealand,Clothing & Footwear,156.7383531671914
2022-05-01,New Zealand,Department Stores,137.741739853103
2022-05-01,New Zealand,Nonstore / Online,240.6916426512968
2022-05-01,New Zealand,Supermarkets & Grocery,187.7090556533286
2022-05-01,United States,Building Materials & Garden,95.48097891931184
2022-05-01,United States,Clothing & Footwear,95.48097891931184
2022-05-01,United States,Department Stores,95.48097891931184
2022-05-01,United States,Electronics & Appliances,95.48097891931184
2022-05-01,United States,Nonstore / Online,95.48097891931184
2022-05-01,United States,Supermarkets & Grocery,95.48097891931184
2022-06-01,Australia,Clothing & Footwear,156.8406230983463
2022-06-01,Australia,Department Stores,118.129719886455
2022-06-01,Australia,Nonstore / Online,157.8367278416182
2022-06-01,Australia,Supermarkets & Grocery,134.0637537433344
2022-06-01,Great Britain,Building Materials & Garden,157.87886537935285
2022-06-01,Great Britain,Clothing & Footwear,130.5727017328008
2022-06-01,Great Britain,Department Stores,124.56321441373775
2022-06-01,Great Britain,Electronics & Appliances,130.72782600070866
2022-06-01,Great Britain,Nonstore/Online,256.89724996499604
2022-06-01,Great Britain,Supermarkets & Grocery,141.1823982
2022-06-01,New Zealand,Building Materials & Garden,214.0178477197838
2022-06-01,New Zealand,Clothing & Footwear,156.7383531671914
2022-06-01,New Zealand,Department Stores,137.741739853103
2022-06-01,New Zealand,Nonstore / Online,240.6916426512968
2022-06-01,New Zealand,Supermarkets & Grocery,187.7090556533286
2022-06-01,United States,Building Materials & Garden,94.01502301914223
2022-06-01,United States,Clothing & Footwear,94.01502301914223
2022-06-01,United States,Department Stores,94.01502301914223
2022-06-01,United States,Electronics & Appliances,94.01502301914223
2022-06-01,United States,Nonstore / Online,94.01502301914223
2022-06-01,United States,Supermarkets & Grocery,94.01502301914223
2022-07-01,Australia,Clothing & Footwear,158.8714226701549
2022-07-01,Australia,Department Stores,120.9319265170586
2022-07-01,Australia,Nonstore / Online,160.3914288564428
2022-07-01,Australia,Supermarkets & Grocery,135.1349621540047
2022-07-01,Great Britain,Building Materials & Garden,125.08242609067332
2022-07-01,Great Britain,Clothing & Footwear,105.78254915375346
2022-07-01,Great Britain,Department Stores,101.87875865389876
2022-07-01,Great Britain,Electronics & Appliances,104.0681539
2022-07-01,Great Britain,Nonstore/Online,206.5905965777297
2022-07-01,Great Britain,Supermarkets & Grocery,116.23240917330708
2022-07-01,New Zealand,Building Materials & Garden,207.4674296703683
2022-07-01,New Zealand,Clothing & Footwear,163.9105608623726
2022-07-01,New Zealand,Department Stores,165.9800992789919
2022-07-01,New Zealand,Nonstore / Online,228.5675538226818
2022-07-01,New Zealand,Supermarkets & Grocery,193.8392471361878
2022-07-01,United States,Building Materials & Garden,94.53598255391326
2022-07-01,United States,Clothing & Footwear,94.53598255391326
2022-07-01,United States,Department Stores,94.53598255391326
2022-07-01,United States,Electronics & Appliances,94.53598255391326
2022-07-01,United States,Nonstore / Online,94.53598255391326
2022-07-01,United States,Supermarkets & Grocery,94.53598255391326
2022-08-01,Australia,Clothing & Footwear,157.2084056979652
2022-08-01,Australia,Department Stores,121.5746344598576
2022-08-01,Australia,Nonstore / Online,156.639667937529
2022-08-01,Australia,Supermarkets & Grocery,136.1404832564736
2022-08-01,Great Britain,Building Materials & Garden,121.50217729415031
2022-08-01,Great Britain,Clothing & Footwear,100.5618891
2022-08-01,Great Britain,Department Stores,98.81971582203104
2022-08-01,Great Britain,Electronics & Appliances,104.67506606381224
2022-08-01,Great Britain,Nonstore/Online,204.55058044332168
2022-08-01,Great Britain,Supermarkets & Grocery,115.99895948364347
2022-08-01,New Zealand,Building Materials & Garden,207.4674296703683
2022-08-01,New Zealand,Clothing & Footwear,163.9105608623726
2022-08-01,New Zealand,Department Stores,165.9800992789919
2022-08-01,New Zealand,Nonstore / Online,228.5675538226818
2022-08-01,New Zealand,Supermarkets & Grocery,193.8392471361878
2022-08-01,United States,Building Materials & Garden,94.06348437121396
2022-08-01,United States,Clothing & Footwear,94.06348437121396
2022-08-01,United States,Department Stores,94.06348437121396
2022-08-01,United States,Electronics & Appliances,94.06348437121396
2022-08-01,United States,Nonstore / Online,94.06348437121396
2022-08-01,United States,Supermarkets & Grocery,94.06348437121396
2022-09-01,Australia,Clothing & Footwear,159.0419885134565
2022-09-01,Australia,Department Stores,121.2404263296021
2022-09-01,Australia,Nonstore / Online,157.1155722408621
2022-09-01,Australia,Supermarkets & Grocery,137.4885889355624
2022-09-01,Great Britain,Building Materials & Garden,152.5909655
2022-09-01,Great Britain,Clothing & Footwear,129.4441716295915
2022-09-01,Great Britain,Department Stores,124.37082364506485
2022-09-01,Great Britain,Electronics & Appliances,132.65574530399746
2022-09-01,Great Britain,Nonstore/Online,254.6186186520278
2022-09-01,Great Britain,Supermarkets & Grocery,144.00486106964777
2022-09-01,New Zealand,Building Materials & Garden,207.4674296703683
2022-09-01,New Zealand,Clothing & Footwear,163.9105608623726
2022-09-01,New Zealand,Department Stores,165.9800992789919
2022-09-01,New Zealand,Nonstore / Online,228.5675538226818
2022-09-01,New Zealand,Supermarkets & Grocery,193.8392471361878
2022-09-01,United States,Building Materials & Garden,93.55464017446089
2022-09-01,United States,Clothing & Footwear,93.55464017446089
2022-09-01,United States,Department Stores,93.55464017446089
2022-09-01,United States,Electronics & Appliances,93.55464017446089
2022-09-01,United States,Nonstore / Online,93.55464017446089
2022-09-01,United States,Supermarkets & Grocery,93.55464017446089
2022-10-01,Australia,Clothing & Footwear,158.8341113919328
2022-10-01,Australia,Department Stores,121.4139574741578
2022-10-01,Australia,Nonstore / Online,157.2673944726002
2022-10-01,Australia,Supermarkets & Grocery,138.480972576391
2022-10-01,Great Britain,Building Materials & Garden,127.05124906866112
2022-10-01,Great Britain,Clothing & Footwear,106.68082785354692
2022-10-01,Great Britain,Department Stores,100.10197549688766
2022-10-01,Great Britain,Electronics & Appliances,105.96979709379536
2022-10-01,Great Britain,Nonstore/Online,205.7834536977027
2022-10-01,Great Britain,Supermarkets & Grocery,116.43188168855168
2022-10-01,New Zealand,Building Materials & Garden,202.577482791374
2022-10-01,New Zealand,Clothing & Footwear,165.0632370990981
2022-10-01,New Zealand,Department Stores,164.8660182835066
2022-10-01,New Zealand,Nonstore / Online,224.9059162569927
2022-10-01,New Zealand,Supermarkets & Grocery,199.6311557471204
2022-10-01,United States,Building Materials & Garden,92.54906711897262
2022-10-01,United States,Clothing & Footwear,92.54906711897262
2022-10-01,United States,Department Stores,92.54906711897262
2022-10-01,United States,Electronics & Appliances,92.54906711897262
2022-10-01,United States,Nonstore / Online,92.54906711897262
2022-10-01,United States,Supermarkets & Grocery,92.54906711897262
2022-11-01,Australia,Clothing & Footwear,161.4405706848841
2022-11-01,Australia,Department Stores,119.363719136629
2022-11-01,Australia,Nonstore / Online,157.8892816910661
2022-11-01,Australia,Supermarkets & Grocery,139.7411583198871
2022-11-01,Great Britain,Building Materials & Garden,121.7741389613701
2022-11-01,Great Britain,Clothing & Footwear,108.2956470697096
2022-11-01,Great Britain,Department Stores,101.00759637566588
2022-11-01,Great Britain,Electronics & Appliances,108.23299702899573
2022-11-01,Great Britain,Nonstore/Online,198.7551213490348
2022-11-01,Great Britain,Supermarkets & Grocery,117.70629074331438
2022-11-01,New Zealand,Building Materials & Garden,202.577482791374
2022-11-01,New Zealand,Clothing & Footwear,165.0632370990981
2022-11-01,New Zealand,Department Stores,164.8660182835066
2022-11-01,New Zealand,Nonstore / Online,224.9059162569927
2022-11-01,New Zealand,Supermarkets & Grocery,199.6311557471204
2022-11-01,United States,Building Materials & Garden,85.34044099830386
2022-11-01,United States,Clothing & Footwear,85.34044099830386
2022-11-01,United States,Department Stores,85.34044099830386
2022-11-01,United States,Electronics & Appliances,85.34044099830386
2022-11-01,United States,Nonstore / Online,85.34044099830386
2022-11-01,United States,Supermarkets & Grocery,85.34044099830386
2022-12-01,Australia,Clothing & Footwear,152.5231751897767
2022-12-01,Australia,Department Stores,116.9278560334208
2022-12-01,Australia,Nonstore / Online,155.2937054600043
2022-12-01,Australia,Supermarkets & Grocery,140.2181492348271
2022-12-01,Great Britain,Building Materials & Garden,149.11145449450814
2022-12-01,Great Britain,Clothing & Footwear,138.8944286217543
2022-12-01,Great Britain,Department Stores,128.3194239479378
2022-12-01,Great Britain,Electronics & Appliances,133.7034880004216
2022-12-01,Great Britain,Nonstore/Online,251.9200449037039
2022-12-01,Great Britain,Supermarkets & Grocery,146.66869527670008
2022-12-01,New Zealand,Building Materials & Garden,202.577482791374
2022-12-01,New Zealand,Clothing & Footwear,165.0632370990981
2022-12-01,New Zealand,Department Stores,164.8660182835066
2022-12-01,New Zealand,Nonstore / Online,224.9059162569927
2022-12-01,New Zealand,Supermarkets & Grocery,199.6311557471204
2022-12-01,United States,Building Materials & Garden,83.47467894354253
2022-12-01,United States,Clothing & Footwear,83.47467894354253
2022-12-01,United States,Department Stores,83.47467894354253
2022-12-01,United States,Electronics & Appliances,83.47467894354253
2022-12-01,United States,Nonstore / Online,83.47467894354253
2022-12-01,United States,Supermarkets & Grocery,83.47467894354253
2023-01-01,Australia,Clothing & Footwear,159.4524125739007
2023-01-01,Australia,Department Stores,121.7545926838413
2023-01-01,Australia,Nonstore / Online,156.9841876172425
2023-01-01,Australia,Supermarkets & Grocery,141.196384840043
2023-01-01,Great Britain,Building Materials & Garden,119.54684147707856
2023-01-01,Great Britain,Clothing & Footwear,111.14170455753252
2023-01-01,Great Britain,Department Stores,103.21705519365938
2023-01-01,Great Britain,Electronics & Appliances,108.42969697908774
2023-01-01,Great Britain,Nonstore/Online,209.3471764592269
2023-01-01,Great Britain,Supermarkets & Grocery,118.34933349065412
2023-01-01,New Zealand,Building Materials & Garden,200.6215040397763
2023-01-01,New Zealand,Clothing & Footwear,168.0473878008432
2023-01-01,New Zealand,Department Stores,168.5137350913052
2023-01-01,New Zealand,Nonstore / Online,220.0644176979149
2023-01-01,New Zealand,Supermarkets & Grocery,204.3418237767544
2023-01-01,United States,Building Materials & Garden,95.4204022292222
2023-01-01,United States,Clothing & Footwear,95.4204022292222
2023-01-01,United States,Department Stores,95.4204022292222
2023-01-01,United States,Electronics & Appliances,95.4204022292222
2023-01-01,United States,Nonstore / Online,95.4204022292222
2023-01-01,United States,Supermarkets & Grocery,95.4204022292222
2023-02-01,Australia,Clothing & Footwear,158.0878858274886
2023-02-01,Australia,Department Stores,120.3791976862514
2023-02-01,Australia,Nonstore / Online,157.1798047235205
2023-02-01,Australia,Supermarkets & Grocery,141.2570192783828
2023-02-01,Great Britain,Building Materials & Garden,124.84769907144046
2023-02-01,Great Britain,Clothing & Footwear,112.81848289408738
2023-02-01,Great Britain,Department Stores,105.3816919222218
2023-02-01,Great Britain,Electronics & Appliances,105.18860138634496
2023-02-01,Great Britain,Nonstore/Online,211.5481564446113
2023-02-01,Great Britain,Supermarkets & Grocery,120.23359129418564
2023-02-01,New Zealand,Building Materials & Garden,200.6215040397763
2023-02-01,New Zealand,Clothing & Footwear,168.0473878008432
2023-02-01,New Zealand,Department Stores,168.5137350913052
2023-02-01,New Zealand,Nonstore / Online,220.0644176979149
2023-02-01,New Zealand,Supermarkets & Grocery,204.3418237767544
2023-02-01,United States,Building Materials & Garden,92.57329779500849
2023-02-01,United States,Clothing & Footwear,92.57329779500849
2023-02-01,United States,Department Stores,92.57329779500849
2023-02-01,United States,Electronics & Appliances,92.57329779500849
2023-02-01,United States,Nonstore / Online,92.57329779500849
2023-02-01,United States,Supermarkets & Grocery,92.57329779500849
2023-03-01,Australia,Clothing & Footwear,158.0239236362505
2023-03-01,Australia,Department Stores,121.3496866798779
2023-03-01,Australia,Nonstore / Online,156.7301773449114
2023-03-01,Australia,Supermarkets & Grocery,141.8886280110894
2023-03-01,Great Britain,Building Materials & Garden,150.53479113996886
2023-03-01,Great Britain,Clothing & Footwear,138.47197539922982
2023-03-01,Great Britain,Department Stores,130.7745344649852
2023-03-01,Great Britain,Electronics & Appliances,133.17109917323856
2023-03-01,Great Britain,Nonstore/Online,263.3566321348979
2023-03-01,Great Britain,Supermarkets & Grocery,150.5288582797222
2023-03-01,New Zealand,Building Materials & Garden,200.6215040397763
2023-03-01,New Zealand,Clothing & Footwear,168.0473878008432
2023-03-01,New Zealand,Department Stores,168.5137350913052
2023-03-01,New Zealand,Nonstore / Online,220.0644176979149
2023-03-01,New Zealand,Supermarkets & Grocery,204.3418237767544
2023-03-01,United States,Building Materials & Garden,92.69445117518778
2023-03-01,United States,Clothing & Footwear,92.69445117518778
2023-03-01,United States,Department Stores,92.69445117518778
2023-03-01,United States,Electronics & Appliances,92.69445117518778
2023-03-01,United States,Nonstore / Online,92.69445117518778
2023-03-01,United States,Supermarkets & Grocery,92.69445117518778
2023-04-01,Australia,Clothing & Footwear,160.7849582246938
2023-04-01,Australia,Department Stores,124.0619141984897
2023-04-01,Australia,Nonstore / Online,156.4498901478563
2023-04-01,Australia,Supermarkets & Grocery,141.5177473632441
2023-04-01,Great Britain,Building Materials & Garden,125.90821848343556
2023-04-01,Great Britain,Clothing & Footwear,113.57168469912024
2023-04-01,Great Britain,Department Stores,107.2410868906369
2023-04-01,Great Britain,Electronics & Appliances,109.24596465877153
2023-04-01,Great Britain,Nonstore/Online,213.18390405146224
2023-04-01,Great Britain,Supermarkets & Grocery,122.67576300363127
2023-04-01,New Zealand,Building Materials & Garden,195.3445829473363
2023-04-01,New Zealand,Clothing & Footwear,161.7332835263354
2023-04-01,New Zealand,Department Stores,163.59920037735
2023-04-01,New Zealand,Nonstore / Online,215.9959315138159
2023-04-01,New Zealand,Supermarkets & Grocery,206.9311104319693
2023-04-01,United States,Building Materials & Garden,91.26484128907197
2023-04-01,United States,Clothing & Footwear,91.26484128907197
2023-04-01,United States,Department Stores,91.26484128907197
2023-04-01,United States,Electronics & Appliances,91.26484128907197
2023-04-01,United States,Nonstore / Online,91.26484128907197
2023-04-01,United States,Supermarkets & Grocery,91.26484128907197
2023-05-01,Australia,Clothing & Footwear,159.7988744431069
2023-05-01,Australia,Department Stores,122.7636441540357
2023-05-01,Australia,Nonstore / Online,159.8162561708195
2023-05-01,Australia,Supermarkets & Grocery,141.4177005399833
2023-05-01,Great Britain,Building Materials & Garden,123.59654431206717
2023-05-01,Great Britain,Clothing & Footwear,112.86961845029488
2023-05-01,Great Britain,Department Stores,107.89557822623584
2023-05-01,Great Britain,Electronics & Appliances,108.75770342416573
2023-05-01,Great Britain,Nonstore/Online,214.54529490024487
2023-05-01,Great Britain,Supermarkets & Grocery,122.67599241877868
2023-05-01,New Zealand,Building Materials & Garden,195.3445829473363
2023-05-01,New Zealand,Clothing & Footwear,161.7332835263354
2023-05-01,New Zealand,Department Stores,163.59920037735
2023-05-01,New Zealand,Nonstore / Online,215.9959315138159
2023-05-01,New Zealand,Supermarkets & Grocery,206.9311104319693
2023-05-01,United States,Building Materials & Garden,91.1194572328568
2023-05-01,United States,Clothing & Footwear,91.1194572328568
2023-05-01,United States,Department Stores,91.1194572328568
2023-05-01,United States,Electronics & Appliances,91.1194572328568
2023-05-01,United States,Nonstore / Online,91.1194572328568
2023-05-01,United States,Supermarkets & Grocery,91.1194572328568
2023-06-01,Australia,Clothing & Footwear,155.966473151426
2023-06-01,Australia,Department Stores,115.0897113170157
2023-06-01,Australia,Nonstore / Online,155.8922354120489
2023-06-01,Australia,Supermarkets & Grocery,141.6107201686985
2023-06-01,Great Britain,Building Materials & Garden,154.8304392869149
2023-06-01,Great Britain,Clothing & Footwear,142.93467745489502
2023-06-01,Great Britain,Department Stores,138.1092196989937
2023-06-01,Great Britain,Electronics & Appliances,134.99621491770566
2023-06-01,Great Britain,Nonstore/Online,267.2684761909222
2023-06-01,Great Britain,Supermarkets & Grocery,155.44865029432282
2023-06-01,New Zealand,Building Materials & Garden,195.3445829473363
2023-06-01,New Zealand,Clothing & Footwear,161.7332835263354
2023-06-01,New Zealand,Department Stores,163.59920037735
2023-06-01,New Zealand,Nonstore / Online,215.9959315138159
2023-06-01,New Zealand,Supermarkets & Grocery,206.9311104319693
2023-06-01,United States,Building Materials & Garden,92.19772231645264
2023-06-01,United States,Clothing & Footwear,92.19772231645264
2023-06-01,United States,Department Stores,92.19772231645264
2023-06-01,United States,Electronics & Appliances,92.19772231645264
2023-06-01,United States,Nonstore / Online,92.19772231645264
2023-06-01,United States,Supermarkets & Grocery,92.19772231645264
2023-07-01,Australia,Clothing & Footwear,157.7360937756793
2023-07-01,Australia,Department Stores,120.4434684805313
2023-07-01,Australia,Nonstore / Online,156.8761602600442
2023-07-01,Australia,Supermarkets & Grocery,141.6056672988368
2023-07-01,Great Britain,Building Materials & Garden,124.18796262064862
2023-07-01,Great Britain,Clothing & Footwear,111.31310765116513
2023-07-01,Great Britain,Department Stores,106.12194112835078
2023-07-01,Great Britain,Electronics & Appliances,107.57690991244348
2023-07-01,Great Britain,Nonstore/Online,217.07563818804704
2023-07-01,Great Britain,Supermarkets & Grocery,121.89163785149788
2023-07-01,New Zealand,Building Materials & Garden,193.7544707248144
2023-07-01,New Zealand,Clothing & Footwear,165.8957254922888
2023-07-01,New Zealand,Department Stores,163.3476337009501
2023-07-01,New Zealand,Nonstore / Online,211.601966434989
2023-07-01,New Zealand,Supermarkets & Grocery,210.0641789000011
2023-07-01,United States,Building Materials & Garden,90.08965350133268
2023-07-01,United States,Clothing & Footwear,90.08965350133268
2023-07-01,United States,Department Stores,90.08965350133268
2023-07-01,United States,Electronics & Appliances,90.08965350133268
2023-07-01,United States,Nonstore / Online,90.08965350133268
2023-07-01,United States,Supermarkets & Grocery,90.08965350133268
2023-08-01,Australia,Clothing & Footwear,159.1166110699009
2023-08-01,Australia,Department Stores,121.1311659793263
2023-08-01,Australia,Nonstore / Online,157.141849165586
2023-08-01,Australia,Supermarkets & Grocery,141.4328591495683
2023-08-01,Great Britain,Building Materials & Garden,123.04231023217956
2023-08-01,Great Britain,Clothing & Footwear,109.96895466715536
2023-08-01,Great Britain,Department Stores,106.10635888256176
2023-08-01,Great Britain,Electronics & Appliances,107.41075412441292
2023-08-01,Great Britain,Nonstore/Online,220.00213843926252
2023-08-01,Great Britain,Supermarkets & Grocery,123.76418757164404
2023-08-01,New Zealand,Building Materials & Garden,193.7544707248144
2023-08-01,New Zealand,Clothing & Footwear,165.8957254922888
2023-08-01,New Zealand,Department Stores,163.3476337009501
2023-08-01,New Zealand,Nonstore / Online,211.601966434989
2023-08-01,New Zealand,Supermarkets & Grocery,210.0641789000011
2023-08-01,United States,Building Materials & Garden,91.72522413375331
2023-08-01,United States,Clothing & Footwear,91.72522413375331
2023-08-01,United States,Department Stores,91.72522413375331
2023-08-01,United States,Electronics & Appliances,91.72522413375331
2023-08-01,United States,Nonstore / Online,91.72522413375331
2023-08-01,United States,Supermarkets & Grocery,91.72522413375331
2023-09-01,Australia,Clothing & Footwear,160.0334024776465
2023-09-01,Australia,Department Stores,123.7919768625141
2023-09-01,Australia,Nonstore / Online,159.7140681302265
2023-09-01,Australia,Supermarkets & Grocery,142.1675464274526
2023-09-01,Great Britain,Building Materials & Garden,151.6991490861944
2023-09-01,Great Britain,Clothing & Footwear,135.1451305626709
2023-09-01,Great Britain,Department Stores,130.57274253139445
2023-09-01,Great Britain,Electronics & Appliances,131.31744337940907
2023-09-01,Great Britain,Nonstore/Online,269.0161380343181
2023-09-01,Great Britain,Supermarkets & Grocery,156.55708935623085
2023-09-01,New Zealand,Building Materials & Garden,193.7544707248144
2023-09-01,New Zealand,Clothing & Footwear,165.8957254922888
2023-09-01,New Zealand,Department Stores,163.3476337009501
2023-09-01,New Zealand,Nonstore / Online,211.601966434989
2023-09-01,New Zealand,Supermarkets & Grocery,210.0641789000011
2023-09-01,United States,Building Materials & Garden,92.81560455536707
2023-09-01,United States,Clothing & Footwear,92.81560455536707
2023-09-01,United States,Department Stores,92.81560455536707
2023-09-01,United States,Electronics & Appliances,92.81560455536707
2023-09-01,United States,Nonstore / Online,92.81560455536707
2023-09-01,United States,Supermarkets & Grocery,92.81560455536707
2023-10-01,Australia,Clothing & Footwear,158.2424611229806
2023-10-01,Australia,Department Stores,121.5810615392856
2023-10-01,Australia,Nonstore / Online,157.5360030364446
2023-10-01,Australia,Supermarkets & Grocery,143.0619043929651
2023-10-01,Great Britain,Building Materials & Garden,121.27471065313024
2023-10-01,Great Britain,Clothing & Footwear,110.9811507372632
2023-10-01,Great Britain,Department Stores,105.15739641276473
2023-10-01,Great Britain,Electronics & Appliances,103.4262811731148
2023-10-01,Great Britain,Nonstore/Online,217.80098946295848
2023-10-01,Great Britain,Supermarkets & Grocery,125.39752849083972
2023-10-01,New Zealand,Building Materials & Garden,189.3218570071649
2023-10-01,New Zealand,Clothing & Footwear,161.6820534713699
2023-10-01,New Zealand,Department Stores,159.0081085330518
2023-10-01,New Zealand,Nonstore / Online,212.7411425665367
2023-10-01,New Zealand,Supermarkets & Grocery,210.5858300576451
2023-10-01,United States,Building Materials & Garden,92.42791373879332
2023-10-01,United States,Clothing & Footwear,92.42791373879332
2023-10-01,United States,Department Stores,92.42791373879332
2023-10-01,United States,Electronics & Appliances,92.42791373879332
2023-10-01,United States,Nonstore / Online,92.42791373879332
2023-10-01,United States,Supermarkets & Grocery,92.42791373879332
2023-11-01,Australia,Clothing & Footwear,160.2785908773924
2023-11-01,Australia,Department Stores,123.3163729848428
2023-11-01,Australia,Nonstore / Online,159.4600578578954
2023-11-01,Australia,Supermarkets & Grocery,143.8107397064619
2023-11-01,Great Britain,Building Materials & Garden,126.7582121
2023-11-01,Great Britain,Clothing & Footwear,112.63810729712829
2023-11-01,Great Britain,Department Stores,106.3178480807528
2023-11-01,Great Britain,Electronics & Appliances,105.02545176736298
2023-11-01,Great Britain,Nonstore/Online,219.3810123140515
2023-11-01,Great Britain,Supermarkets & Grocery,125.7502424
2023-11-01,New Zealand,Building Materials & Garden,189.3218570071649
2023-11-01,New Zealand,Clothing & Footwear,161.6820534713699
2023-11-01,New Zealand,Department Stores,159.0081085330518
2023-11-01,New Zealand,Nonstore / Online,212.7411425665367
2023-11-01,New Zealand,Supermarkets & Grocery,210.5858300576451
2023-11-01,United States,Building Materials & Garden,89.22946450205961
2023-11-01,United States,Clothing & Footwear,89.22946450205961
2023-11-01,United States,Department Stores,89.22946450205961
2023-11-01,United States,Electronics & Appliances,89.22946450205961
2023-11-01,United States,Nonstore / Online,89.22946450205961
2023-11-01,United States,Supermarkets & Grocery,89.22946450205961
2023-12-01,Australia,Clothing & Footwear,153.2853913020303
2023-12-01,Australia,Department Stores,121.4718011890097
2023-12-01,Australia,Nonstore / Online,158.9578766298384
2023-12-01,Australia,Supermarkets & Grocery,142.4737503410687
2023-12-01,Great Britain,Building Materials & Garden,152.1953001403799
2023-12-01,Great Britain,Clothing & Footwear,136.63600582887068
2023-12-01,Great Britain,Department Stores,126.45110897658884
2023-12-01,Great Britain,Electronics & Appliances,128.32459796896168
2023-12-01,Great Britain,Nonstore/Online,269.70448029782403
2023-12-01,Great Britain,Supermarkets & Grocery,149.06375777225392
2023-12-01,New Zealand,Building Materials & Garden,189.3218570071649
2023-12-01,New Zealand,Clothing & Footwear,161.6820534713699
2023-12-01,New Zealand,Department Stores,159.0081085330518
2023-12-01,New Zealand,Nonstore / Online,212.7411425665367
2023-12-01,New Zealand,Supermarkets & Grocery,210.5858300576451
2023-12-01,United States,Building Materials & Garden,86.45505209595348
2023-12-01,United States,Clothing & Footwear,86.45505209595348
2023-12-01,United States,Department Stores,86.45505209595348
2023-12-01,United States,Electronics & Appliances,86.45505209595348
2023-12-01,United States,Nonstore / Online,86.45505209595348
2023-12-01,United States,Supermarkets & Grocery,86.45505209595348
2024-01-01,Australia,Clothing & Footwear,156.9418965678066
2024-01-01,Australia,Department Stores,120.7326870547909
2024-01-01,Australia,Nonstore / Online,160.8206186269333
2024-01-01,Australia,Supermarkets & Grocery,143.8562155352168
2024-01-01,Great Britain,Building Materials & Garden,130.4925422932787
2024-01-01,Great Britain,Clothing & Footwear,110.0439740502692
2024-01-01,Great Britain,Department Stores,103.7313803420778
2024-01-01,Great Britain,Electronics & Appliances,103.47682934896864
2024-01-01,Great Britain,Nonstore/Online,217.1429388218017
2024-01-01,Great Britain,Supermarkets & Grocery,125.6332881537118
2024-01-01,New Zealand,Building Materials & Garden,185.2269662394315
2024-01-01,New Zealand,Clothing & Footwear,163.8465232936656
2024-01-01,New Zealand,Department Stores,157.7502751510523
2024-01-01,New Zealand,Nonstore / Online,211.9681301915579
2024-01-01,New Zealand,Supermarkets & Grocery,211.932638501017
2024-01-01,United States,Building Materials & Garden,93.45771747031742
2024-01-01,United States,Clothing & Footwear,93.45771747031742
2024-01-01,United States,Department Stores,93.45771747031742
2024-01-01,United States,Electronics & Appliances,93.45771747031742
2024-01-01,United States,Nonstore / Online,93.45771747031742
2024-01-01,United States,Supermarkets & Grocery,93.45771747031742
2024-02-01,Australia,Clothing & Footwear,164.2175958211368
2024-02-01,Australia,Department Stores,122.2944673557924
2024-02-01,Australia,Nonstore / Online,161.6877571428224
2024-02-01,Australia,Supermarkets & Grocery,143.6904814037546
2024-02-01,Great Britain,Building Materials & Garden,130.6726904276829
2024-02-01,Great Britain,Clothing & Footwear,109.66324682458976
2024-02-01,Great Britain,Department Stores,106.97959385857185
2024-02-01,Great Britain,Electronics & Appliances,101.61215093529437
2024-02-01,Great Britain,Nonstore/Online,217.4585293642671
2024-02-01,Great Britain,Supermarkets & Grocery,124.9127822
2024-02-01,New Zealand,Building Materials & Garden,185.2269662394315
2024-02-01,New Zealand,Clothing & Footwear,163.8465232936656
2024-02-01,New Zealand,Department Stores,157.7502751510523
2024-02-01,New Zealand,Nonstore / Online,211.9681301915579
2024-02-01,New Zealand,Supermarkets & Grocery,211.932638501017
2024-02-01,United States,Building Materials & Garden,94.1240610613036
2024-02-01,United States,Clothing & Footwear,94.1240610613036
2024-02-01,United States,Department Stores,94.1240610613036
2024-02-01,United States,Electronics & Appliances,94.1240610613036
2024-02-01,United States,Nonstore / Online,94.1240610613036
2024-02-01,United States,Supermarkets & Grocery,94.1240610613036
2024-03-01,Australia,Clothing & Footwear,157.0058587590446
2024-03-01,Australia,Department Stores,121.0733222644743
2024-03-01,Australia,Nonstore / Online,161.0746288992644
2024-03-01,Australia,Supermarkets & Grocery,144.6970130801958
2024-03-01,Great Britain,Building Materials & Garden,167.98039597043964
2024-03-01,Great Britain,Clothing & Footwear,137.13481531179545
2024-03-01,Great Britain,Department Stores,127.75120865731316
2024-03-01,Great Britain,Electronics & Appliances,127.6396739
2024-03-01,Great Britain,Nonstore/Online,269.30118346805494
2024-03-01,Great Britain,Supermarkets & Grocery,154.3424500078189
2024-03-01,New Zealand,Building Materials & Garden,185.2269662394315
2024-03-01,New Zealand,Clothing & Footwear,163.8465232936656
2024-03-01,New Zealand,Department Stores,157.7502751510523
2024-03-01,New Zealand,Nonstore / Online,211.9681301915579
2024-03-01,New Zealand,Supermarkets & Grocery,211.932638501017
2024-03-01,United States,Building Materials & Garden,90.31984492367336
2024-03-01,United States,Clothing & Footwear,90.31984492367336
2024-03-01,United States,Department Stores,90.31984492367336
2024-03-01,United States,Electronics & Appliances,90.31984492367336
2024-03-01,United States,Nonstore / Online,90.31984492367336
2024-03-01,United States,Supermarkets & Grocery,90.31984492367336
2024-04-01,Australia,Clothing & Footwear,157.8959992537744
2024-04-01,Australia,Department Stores,121.7031760484174
2024-04-01,Australia,Nonstore / Online,164.2920923487921
2024-04-01,Australia,Supermarkets & Grocery,144.3382593200184
2024-04-01,Great Britain,Building Materials & Garden,131.16372392361427
2024-04-01,Great Britain,Clothing & Footwear,105.35248601436751
2024-04-01,Great Britain,Department Stores,101.9982349
2024-04-01,Great Britain,Electronics & Appliances,99.42989488521675
2024-04-01,Great Britain,Nonstore/Online,215.0346926035808
2024-04-01,Great Britain,Supermarkets & Grocery,122.67406216719354
2024-04-01,New Zealand,Building Materials & Garden,183.1724849607749
2024-04-01,New Zealand,Clothing & Footwear,160.4525321521959
2024-04-01,New Zealand,Department Stores,155.1807012421104
2024-04-01,New Zealand,Nonstore / Online,195.287336836752
2024-04-01,New Zealand,Supermarkets & Grocery,214.9139539050068
2024-04-01,United States,Building Materials & Garden,92.88829658347468
2024-04-01,United States,Clothing & Footwear,92.88829658347468
2024-04-01,United States,Department Stores,92.88829658347468
2024-04-01,United States,Electronics & Appliances,92.88829658347468
2024-04-01,United States,Nonstore / Online,92.88829658347468
2024-04-01,United States,Supermarkets & Grocery,92.88829658347468
2024-05-01,Australia,Clothing & Footwear,159.5483558607579
2024-05-01,Australia,Department Stores,120.7198328959349
2024-05-01,Australia,Nonstore / Online,164.8147111849676
2024-05-01,Australia,Supermarkets & Grocery,146.2361172400551
2024-05-01,Great Britain,Building Materials & Garden,133.26603198020132
2024-05-01,Great Britain,Clothing & Footwear,112.1103492791157
2024-05-01,Great Britain,Department Stores,104.9250321869608
2024-05-01,Great Britain,Electronics & Appliances,103.58909677331364
2024-05-01,Great Britain,Nonstore/Online,230.0194131839604
2024-05-01,Great Britain,Supermarkets & Grocery,123.74412561254586
2024-05-01,New Zealand,Building Materials & Garden,183.1724849607749
2024-05-01,New Zealand,Clothing & Footwear,160.4525321521959
2024-05-01,New Zealand,Department Stores,155.1807012421104
2024-05-01,New Zealand,Nonstore / Online,195.287336836752
2024-05-01,New Zealand,Supermarkets & Grocery,214.9139539050068
2024-05-01,United States,Building Materials & Garden,93.91810031499878
2024-05-01,United States,Clothing & Footwear,93.91810031499878
2024-05-01,United States,Department Stores,93.91810031499878
2024-05-01,United States,Electronics & Appliances,93.91810031499878
2024-05-01,United States,Nonstore / Online,93.91810031499878
2024-05-01,United States,Supermarkets & Grocery,93.91810031499878
2024-06-01,Australia,Clothing & Footwear,158.9460452265994
2024-06-01,Australia,Department Stores,120.6041454662311
2024-06-01,Australia,Nonstore / Online,165.2643385635767
2024-06-01,Australia,Supermarkets & Grocery,145.7560946031981
2024-06-01,Great Britain,Building Materials & Garden,164.59784122233506
2024-06-01,Great Britain,Clothing & Footwear,135.76796112309432
2024-06-01,Great Britain,Department Stores,126.2771504131485
2024-06-01,Great Britain,Electronics & Appliances,125.4492529437957
2024-06-01,Great Britain,Nonstore/Online,279.8738891
2024-06-01,Great Britain,Supermarkets & Grocery,153.10436765501942
2024-06-01,New Zealand,Building Materials & Garden,183.1724849607749
2024-06-01,New Zealand,Clothing & Footwear,160.4525321521959
2024-06-01,New Zealand,Department Stores,155.1807012421104
2024-06-01,New Zealand,Nonstore / Online,195.287336836752
2024-06-01,New Zealand,Supermarkets & Grocery,214.9139539050068
2024-06-01,United States,Building Materials & Garden,92.51272110491882
2024-06-01,United States,Clothing & Footwear,92.51272110491882
2024-06-01,United States,Department Stores,92.51272110491882
2024-06-01,United States,Electronics & Appliances,92.51272110491882
2024-06-01,United States,Nonstore / Online,92.51272110491882
2024-06-01,United States,Supermarkets & Grocery,92.51272110491882
2024-07-01,Australia,Clothing & Footwear,159.6123180519959
2024-07-01,Australia,Department Stores,121.4460928712978
2024-07-01,Australia,Nonstore / Online,165.2701778801821
2024-07-01,Australia,Supermarkets & Grocery,146.0390553154507
2024-07-01,Great Britain,Building Materials & Garden,132.58282534845088
2024-07-01,Great Britain,Clothing & Footwear,109.03571148448503
2024-07-01,Great Britain,Department Stores,106.32217853860864
2024-07-01,Great Britain,Electronics & Appliances,99.05438354653164
2024-07-01,Great Britain,Nonstore/Online,225.90680791537983
2024-07-01,Great Britain,Supermarkets & Grocery,123.39872924181044
2024-07-01,New Zealand,Building Materials & Garden,183.6368540169096
2024-07-01,New Zealand,Clothing & Footwear,158.313677357383
2024-07-01,New Zealand,Department Stores,153.4916107005683
2024-07-01,New Zealand,Nonstore / Online,202.5699271062892
2024-07-01,New Zealand,Supermarkets & Grocery,214.5503788557397
2024-07-01,United States,Building Materials & Garden,92.87618124545676
2024-07-01,United States,Clothing & Footwear,92.87618124545676
2024-07-01,United States,Department Stores,92.87618124545676
2024-07-01,United States,Electronics & Appliances,92.87618124545676
2024-07-01,United States,Nonstore / Online,92.87618124545676
2024-07-01,United States,Supermarkets & Grocery,92.87618124545676
2024-08-01,Australia,Clothing & Footwear,161.68575908463
2024-08-01,Australia,Department Stores,123.200685555139
2024-08-01,Australia,Nonstore / Online,167.8832720610598
2024-08-01,Australia,Supermarkets & Grocery,146.9233075412398
2024-08-01,Great Britain,Building Materials & Garden,130.91208123153154
2024-08-01,Great Britain,Clothing & Footwear,110.2652272
2024-08-01,Great Britain,Department Stores,106.75607561078118
2024-08-01,Great Britain,Electronics & Appliances,100.90347441699107
2024-08-01,Great Britain,Nonstore/Online,220.1009136
2024-08-01,Great Britain,Supermarkets & Grocery,125.16908638008351
2024-08-01,New Zealand,Building Materials & Garden,183.6368540169096
2024-08-01,New Zealand,Clothing & Footwear,158.313677357383
2024-08-01,New Zealand,Department Stores,153.4916107005683
2024-08-01,New Zealand,Nonstore / Online,202.5699271062892
2024-08-01,New Zealand,Supermarkets & Grocery,214.5503788557397
2024-08-01,United States,Building Materials & Garden,90.562151684032
2024-08-01,United States,Clothing & Footwear,90.562151684032
2024-08-01,United States,Department Stores,90.562151684032
2024-08-01,United States,Electronics & Appliances,90.562151684032
2024-08-01,United States,Nonstore / Online,90.562151684032
2024-08-01,United States,Supermarkets & Grocery,90.562151684032
2024-09-01,Australia,Clothing & Footwear,161.5258536065348
2024-09-01,Australia,Department Stores,122.2237694820845
2024-09-01,Australia,Nonstore / Online,168.0818088256404
2024-09-01,Australia,Supermarkets & Grocery,146.8040598125048
2024-09-01,Great Britain,Building Materials & Garden,171.4086305981329
2024-09-01,Great Britain,Clothing & Footwear,139.2650007218923
2024-09-01,Great Britain,Department Stores,134.11712975526066
2024-09-01,Great Britain,Electronics & Appliances,126.13915018384488
2024-09-01,Great Britain,Nonstore/Online,275.9418506470223
2024-09-01,Great Britain,Supermarkets & Grocery,154.06480230337556
2024-09-01,New Zealand,Building Materials & Garden,183.6368540169096
2024-09-01,New Zealand,Clothing & Footwear,158.313677357383
2024-09-01,New Zealand,Department Stores,153.4916107005683
2024-09-01,New Zealand,Nonstore / Online,202.5699271062892
2024-09-01,New Zealand,Supermarkets & Grocery,214.5503788557397
2024-09-01,United States,Building Materials & Garden,88.24812212260721
2024-09-01,United States,Clothing & Footwear,88.24812212260721
2024-09-01,United States,Department Stores,88.24812212260721
2024-09-01,United States,Electronics & Appliances,88.24812212260721
2024-09-01,United States,Nonstore / Online,88.24812212260721
2024-09-01,United States,Supermarkets & Grocery,88.24812212260721
2024-10-01,Australia,Clothing & Footwear,160.944863702789
2024-10-01,Australia,Department Stores,123.4127791762627
2024-10-01,Australia,Nonstore / Online,170.440892734187
2024-10-01,Australia,Supermarkets & Grocery,147.0556927316152
2024-10-01,Great Britain,Building Materials & Garden,134.41138185291152
2024-10-01,Great Britain,Clothing & Footwear,108.63215450822123
2024-10-01,Great Britain,Department Stores,106.71073534690578
2024-10-01,Great Britain,Electronics & Appliances,101.72163486977954
2024-10-01,Great Britain,Nonstore/Online,218.0012015
2024-10-01,Great Britain,Supermarkets & Grocery,123.14772533793594
2024-10-01,New Zealand,Building Materials & Garden,184.9736740269944
2024-10-01,New Zealand,Clothing & Footwear,162.1175089385773
2024-10-01,New Zealand,Department Stores,157.8311358684666
2024-10-01,New Zealand,Nonstore / Online,195.20596711307
2024-10-01,New Zealand,Supermarkets & Grocery,214.2057729394779
2024-10-01,United States,Building Materials & Garden,90.51369033196026
2024-10-01,United States,Clothing & Footwear,90.51369033196026
2024-10-01,United States,Department Stores,90.51369033196026
2024-10-01,United States,Electronics & Appliances,90.51369033196026
2024-10-01,United States,Nonstore / Online,90.51369033196026
2024-10-01,United States,Supermarkets & Grocery,90.51369033196026
2024-11-01,Australia,Clothing & Footwear,163.1942007613277
2024-11-01,Australia,Department Stores,123.0271544105833
2024-11-01,Australia,Nonstore / Online,170.7095012980314
2024-11-01,Australia,Supermarkets & Grocery,147.6155507122862
2024-11-01,Great Britain,Building Materials & Garden,137.3448771666273
2024-11-01,Great Britain,Clothing & Footwear,104.51945720982528
2024-11-01,Great Britain,Department Stores,106.58496700678444
2024-11-01,Great Britain,Electronics & Appliances,101.30682065427416
2024-11-01,Great Britain,Nonstore/Online,219.20597996901344
2024-11-01,Great Britain,Supermarkets & Grocery,123.80535572430446
2024-11-01,New Zealand,Building Materials & Garden,184.9736740269944
2024-11-01,New Zealand,Clothing & Footwear,162.1175089385773
2024-11-01,New Zealand,Department Stores,157.8311358684666
2024-11-01,New Zealand,Nonstore / Online,195.20596711307
2024-11-01,New Zealand,Supermarkets & Grocery,214.2057729394779
2024-11-01,United States,Building Materials & Garden,90.91349648655196
2024-11-01,United States,Clothing & Footwear,90.91349648655196
2024-11-01,United States,Department Stores,90.91349648655196
2024-11-01,United States,Electronics & Appliances,90.91349648655196
2024-11-01,United States,Nonstore / Online,90.91349648655196
2024-11-01,United States,Supermarkets & Grocery,90.91349648655196
2024-12-01,Australia,Clothing & Footwear,160.7316563986621
2024-12-01,Australia,Department Stores,123.3099459054148
2024-12-01,Australia,Nonstore / Online,167.6438600802419
2024-12-01,Australia,Supermarkets & Grocery,147.2871141712788
2024-12-01,Great Britain,Building Materials & Garden,171.49575513668606
2024-12-01,Great Britain,Clothing & Footwear,136.17594007807494
2024-12-01,Great Britain,Department Stores,133.65377076468425
2024-12-01,Great Britain,Electronics & Appliances,127.42111427367108
2024-12-01,Great Britain,Nonstore/Online,267.6197238174359
2024-12-01,Great Britain,Supermarkets & Grocery,154.52220864212003
2024-12-01,New Zealand,Building Materials & Garden,184.9736740269944
2024-12-01,New Zealand,Clothing & Footwear,162.1175089385773
2024-12-01,New Zealand,Department Stores,157.8311358684666
2024-12-01,New Zealand,Nonstore / Online,195.20596711307
2024-12-01,New Zealand,Supermarkets & Grocery,214.2057729394779
2024-12-01,United States,Building Materials & Garden,91.1558032469106
2024-12-01,United States,Clothing & Footwear,91.1558032469106
2024-12-01,United States,Department Stores,91.1558032469106
2024-12-01,United States,Electronics & Appliances,91.1558032469106
2024-12-01,United States,Nonstore / Online,91.1558032469106
2024-12-01,United States,Supermarkets & Grocery,91.1558032469106
2025-01-01,Australia,Clothing & Footwear,164.286888194978
2025-01-01,Australia,Department Stores,124.5953617910128
2025-01-01,Australia,Nonstore / Online,172.0642227504641
2025-01-01,Australia,Supermarkets & Grocery,148.6877696969289
2025-01-01,Great Britain,Building Materials & Garden,164.52324587812825
2025-01-01,Great Britain,Clothing & Footwear,134.20846805924862
2025-01-01,Great Britain,Department Stores,135.78461511698686
2025-01-01,Great Britain,Electronics & Appliances,128.84392295040277
2025-01-01,Great Britain,Nonstore/Online,260.4619021765784
2025-01-01,Great Britain,Supermarkets & Grocery,158.08046922200992
2025-01-01,New Zealand,Building Materials & Garden,180.8013884165719
2025-01-01,New Zealand,Clothing & Footwear,169.1744490100859
2025-01-01,New Zealand,Department Stores,158.7206037600234
2025-01-01,New Zealand,Nonstore / Online,202.6512968299712
2025-01-01,New Zealand,Supermarkets & Grocery,216.6116913089755
2025-01-01,United States,Building Materials & Garden,90.57426702204992
2025-01-01,United States,Clothing & Footwear,90.57426702204992
2025-01-01,United States,Department Stores,90.57426702204992
2025-01-01,United States,Electronics & Appliances,90.57426702204992
2025-01-01,United States,Nonstore / Online,90.57426702204992
2025-01-01,United States,Supermarkets & Grocery,90.57426702204992
2025-02-01,Australia,Clothing & Footwear,165.0224533942158
2025-02-01,Australia,Department Stores,126.2535482834342
2025-02-01,Australia,Nonstore / Online,170.4788482921215
2025-02-01,Australia,Supermarkets & Grocery,149.4224569748131
2025-02-01,Great Britain,Building Materials & Garden,135.49146395064656
2025-02-01,Great Britain,Clothing & Footwear,110.35970847248338
2025-02-01,Great Britain,Department Stores,109.24020389670883
2025-02-01,Great Britain,Electronics & Appliances,108.03726202205507
2025-02-01,Great Britain,Nonstore/Online,217.4857369023324
2025-02-01,Great Britain,Supermarkets & Grocery,124.96690834827284
2025-02-01,New Zealand,Building Materials & Garden,180.8013884165719
2025-02-01,New Zealand,Clothing & Footwear,169.1744490100859
2025-02-01,New Zealand,Department Stores,158.7206037600234
2025-02-01,New Zealand,Nonstore / Online,202.6512968299712
2025-02-01,New Zealand,Supermarkets & Grocery,216.6116913089755
2025-02-01,United States,Building Materials & Garden,91.2769566270899
2025-02-01,United States,Clothing & Footwear,91.2769566270899
2025-02-01,United States,Department Stores,91.2769566270899
2025-02-01,United States,Electronics & Appliances,91.2769566270899
2025-02-01,United States,Nonstore / Online,91.2769566270899
2025-02-01,United States,Supermarkets & Grocery,91.2769566270899
2025-03-01,Australia,Clothing & Footwear,164.9051893769461
2025-03-01,Australia,Department Stores,125.3280488458037
2025-03-01,Australia,Nonstore / Online,171.8277304279489
2025-03-01,Australia,Supermarkets & Grocery,150.5522786758786
2025-03-01,Great Britain,Building Materials & Garden,175.72916066624558
2025-03-01,Great Britain,Clothing & Footwear,141.65526018256477
2025-03-01,Great Britain,Department Stores,136.13756593846915
2025-03-01,Great Britain,Electronics & Appliances,133.1505384614742
2025-03-01,Great Britain,Nonstore/Online,279.6401324
2025-03-01,Great Britain,Supermarkets & Grocery,156.09030072904378
2025-03-01,New Zealand,Building Materials & Garden,180.8013884165719
2025-03-01,New Zealand,Clothing & Footwear,169.1744490100859
2025-03-01,New Zealand,Department Stores,158.7206037600234
2025-03-01,New Zealand,Nonstore / Online,202.6512968299712
2025-03-01,New Zealand,Supermarkets & Grocery,216.6116913089755
2025-03-01,United States,Building Materials & Garden,92.5854131330264
2025-03-01,United States,Clothing & Footwear,92.5854131330264
2025-03-01,United States,Department Stores,92.5854131330264
2025-03-01,United States,Electronics & Appliances,92.5854131330264
2025-03-01,United States,Nonstore / Online,92.5854131330264
2025-03-01,United States,Supermarkets & Grocery,92.5854131330264
